device,op,type_a,type_b,m,n,k,runs,us_per_run,gflops,eff_GBps,bytes_per_weight
rpi1,MUL_MAT,bf16,f32,4096,1,14336,69,62815.46,1.87,1.871,2.0
rpi1,MUL_MAT,bf16,f32,4096,2,14336,35,124362.4,1.89,0.946,2.0
rpi1,MUL_MAT,bf16,f32,4096,3,14336,23,189354.65,1.86,0.621,2.0
rpi1,MUL_MAT,bf16,f32,4096,4,14336,18,256617.78,1.83,0.459,2.0
rpi1,MUL_MAT,bf16,f32,4096,5,14336,14,328417.43,1.79,0.359,2.0
rpi1,MUL_MAT,bf16,f32,4096,8,14336,9,544890.89,1.72,0.217,2.0
rpi1,MUL_MAT,bf16,f32,4096,512,14336,1,50709200.0,1.19,0.003,2.0
rpi1,MUL_MAT,f16,f32,4096,1,14336,69,33908.04,3.46,3.466,2.0
rpi1,MUL_MAT,f16,f32,4096,2,14336,35,37346.37,6.29,3.149,2.0
rpi1,MUL_MAT,f16,f32,4096,3,14336,23,43658.78,8.07,2.695,2.0
rpi1,MUL_MAT,f16,f32,4096,4,14336,36,48121.69,9.76,2.447,2.0
rpi1,MUL_MAT,f16,f32,4096,5,14336,14,72468.43,8.1,1.626,2.0
rpi1,MUL_MAT,f16,f32,4096,8,14336,18,88804.67,10.58,1.329,2.0
rpi1,MUL_MAT,f16,f32,4096,512,14336,1,10729697.0,5.6,0.014,2.0
rpi1,MUL_MAT,f32,f32,4096,1,14336,69,66572.36,1.76,3.529,4.0
rpi1,MUL_MAT,f32,f32,4096,2,14336,35,137489.54,1.71,1.709,4.0
rpi1,MUL_MAT,f32,f32,4096,3,14336,23,206232.61,1.71,1.14,4.0
rpi1,MUL_MAT,f32,f32,4096,4,14336,18,84685.33,5.55,2.777,4.0
rpi1,MUL_MAT,f32,f32,4096,5,14336,14,127574.64,4.6,1.844,4.0
rpi1,MUL_MAT,f32,f32,4096,8,14336,9,183339.0,5.12,1.284,4.0
rpi1,MUL_MAT,f32,f32,4096,512,14336,1,13420324.0,4.48,0.02,4.0
rpi1,MUL_MAT,iq1_m,f32,4096,1,14336,69,18006.72,6.52,0.717,0.2188
rpi1,MUL_MAT,iq1_m,f32,4096,2,14336,35,33789.91,6.95,0.385,0.2188
rpi1,MUL_MAT,iq1_m,f32,4096,3,14336,23,50316.09,7.0,0.26,0.2188
rpi1,MUL_MAT,iq1_m,f32,4096,4,14336,18,67024.94,7.01,0.196,0.2188
rpi1,MUL_MAT,iq1_m,f32,4096,5,14336,14,83427.57,7.04,0.158,0.2188
rpi1,MUL_MAT,iq1_m,f32,4096,8,14336,9,131569.89,7.14,0.102,0.2188
rpi1,MUL_MAT,iq1_m,f32,4096,512,14336,1,11209246.0,5.36,0.005,0.2188
rpi1,MUL_MAT,iq1_s,f32,4096,1,14336,69,14605.1,8.04,0.79,0.1953
rpi1,MUL_MAT,iq1_s,f32,4096,2,14336,35,29839.57,7.87,0.389,0.1953
rpi1,MUL_MAT,iq1_s,f32,4096,3,14336,46,41223.43,8.55,0.284,0.1953
rpi1,MUL_MAT,iq1_s,f32,4096,4,14336,18,59017.56,7.96,0.199,0.1953
rpi1,MUL_MAT,iq1_s,f32,4096,5,14336,28,67876.89,8.65,0.174,0.1953
rpi1,MUL_MAT,iq1_s,f32,4096,8,14336,18,111817.94,8.4,0.108,0.1953
rpi1,MUL_MAT,iq1_s,f32,4096,512,14336,1,9085128.0,6.62,0.005,0.1953
rpi1,MUL_MAT,iq2_s,f32,4096,1,14336,138,11833.19,9.92,1.596,0.3203
rpi1,MUL_MAT,iq2_s,f32,4096,2,14336,70,23153.19,10.14,0.819,0.3203
rpi1,MUL_MAT,iq2_s,f32,4096,3,14336,46,35034.3,10.06,0.543,0.3203
rpi1,MUL_MAT,iq2_s,f32,4096,4,14336,36,46048.47,10.2,0.415,0.3203
rpi1,MUL_MAT,iq2_s,f32,4096,5,14336,28,57840.93,10.15,0.332,0.3203
rpi1,MUL_MAT,iq2_s,f32,4096,8,14336,18,97795.44,9.61,0.198,0.3203
rpi1,MUL_MAT,iq2_s,f32,4096,512,14336,1,8878724.0,6.77,0.006,0.3203
rpi1,MUL_MAT,iq2_xs,f32,4096,1,14336,138,9982.58,11.76,1.708,0.2891
rpi1,MUL_MAT,iq2_xs,f32,4096,2,14336,70,21272.3,11.04,0.805,0.2891
rpi1,MUL_MAT,iq2_xs,f32,4096,3,14336,46,31267.09,11.27,0.55,0.2891
rpi1,MUL_MAT,iq2_xs,f32,4096,4,14336,36,40036.39,11.73,0.431,0.2891
rpi1,MUL_MAT,iq2_xs,f32,4096,5,14336,28,52320.96,11.22,0.331,0.2891
rpi1,MUL_MAT,iq2_xs,f32,4096,8,14336,18,83684.39,11.23,0.21,0.2891
rpi1,MUL_MAT,iq2_xs,f32,4096,512,14336,1,6951810.0,8.65,0.008,0.2891
rpi1,MUL_MAT,iq2_xxs,f32,4096,1,14336,138,9220.38,12.74,1.65,0.2578
rpi1,MUL_MAT,iq2_xxs,f32,4096,2,14336,70,17930.7,13.1,0.853,0.2578
rpi1,MUL_MAT,iq2_xxs,f32,4096,3,14336,46,27004.24,13.05,0.569,0.2578
rpi1,MUL_MAT,iq2_xxs,f32,4096,4,14336,36,35942.97,13.07,0.429,0.2578
rpi1,MUL_MAT,iq2_xxs,f32,4096,5,14336,28,44751.75,13.12,0.347,0.2578
rpi1,MUL_MAT,iq2_xxs,f32,4096,8,14336,18,72804.44,12.9,0.216,0.2578
rpi1,MUL_MAT,iq2_xxs,f32,4096,512,14336,1,6719877.0,8.95,0.008,0.2578
rpi1,MUL_MAT,iq3_s,f32,4096,1,14336,69,15269.97,7.69,1.657,0.4297
rpi1,MUL_MAT,iq3_s,f32,4096,2,14336,35,30480.11,7.71,0.833,0.4297
rpi1,MUL_MAT,iq3_s,f32,4096,3,14336,23,48883.26,7.21,0.521,0.4297
rpi1,MUL_MAT,iq3_s,f32,4096,4,14336,18,60236.89,7.8,0.424,0.4297
rpi1,MUL_MAT,iq3_s,f32,4096,5,14336,14,80384.0,7.3,0.318,0.4297
rpi1,MUL_MAT,iq3_s,f32,4096,8,14336,9,119439.67,7.87,0.216,0.4297
rpi1,MUL_MAT,iq3_s,f32,4096,512,14336,1,11139829.0,5.4,0.006,0.4297
rpi1,MUL_MAT,iq3_xxs,f32,4096,1,14336,138,12109.82,9.7,1.862,0.3828
rpi1,MUL_MAT,iq3_xxs,f32,4096,2,14336,70,23837.3,9.85,0.949,0.3828
rpi1,MUL_MAT,iq3_xxs,f32,4096,3,14336,46,35404.26,9.95,0.641,0.3828
rpi1,MUL_MAT,iq3_xxs,f32,4096,4,14336,36,48189.44,9.75,0.473,0.3828
rpi1,MUL_MAT,iq3_xxs,f32,4096,5,14336,28,59168.75,9.92,0.386,0.3828
rpi1,MUL_MAT,iq3_xxs,f32,4096,8,14336,18,99110.0,9.48,0.233,0.3828
rpi1,MUL_MAT,iq3_xxs,f32,4096,512,14336,1,8491587.0,7.08,0.007,0.3828
rpi1,MUL_MAT,iq4_nl,f32,4096,1,14336,138,9494.91,12.37,3.486,0.5625
rpi1,MUL_MAT,iq4_nl,f32,4096,2,14336,70,17371.04,13.52,1.91,0.5625
rpi1,MUL_MAT,iq4_nl,f32,4096,3,14336,46,24071.04,14.64,1.381,0.5625
rpi1,MUL_MAT,iq4_nl,f32,4096,4,14336,36,30976.72,15.17,1.076,0.5625
rpi1,MUL_MAT,iq4_nl,f32,4096,5,14336,28,38469.32,15.26,0.868,0.5625
rpi1,MUL_MAT,iq4_nl,f32,4096,8,14336,18,62297.89,15.08,0.54,0.5625
rpi1,MUL_MAT,iq4_nl,f32,4096,512,14336,1,5008401.0,12.01,0.014,0.5625
rpi1,MUL_MAT,iq4_xs,f32,4096,1,14336,138,8872.64,13.24,3.524,0.5312
rpi1,MUL_MAT,iq4_xs,f32,4096,2,14336,70,15580.03,15.08,2.012,0.5312
rpi1,MUL_MAT,iq4_xs,f32,4096,3,14336,46,24692.57,14.27,1.272,0.5312
rpi1,MUL_MAT,iq4_xs,f32,4096,4,14336,36,29929.69,15.7,1.052,0.5312
rpi1,MUL_MAT,iq4_xs,f32,4096,5,14336,28,36995.89,15.87,0.853,0.5312
rpi1,MUL_MAT,iq4_xs,f32,4096,8,14336,18,57962.56,16.21,0.548,0.5312
rpi1,MUL_MAT,iq4_xs,f32,4096,512,14336,1,5654977.0,10.63,0.012,0.5312
rpi1,MUL_MAT,q2_K,f32,4096,1,14336,207,6815.87,17.23,2.838,0.3281
rpi1,MUL_MAT,q2_K,f32,4096,2,14336,105,13674.26,17.18,1.42,0.3281
rpi1,MUL_MAT,q2_K,f32,4096,3,14336,69,18933.0,18.61,1.029,0.3281
rpi1,MUL_MAT,q2_K,f32,4096,4,14336,54,25494.41,18.43,0.767,0.3281
rpi1,MUL_MAT,q2_K,f32,4096,5,14336,42,33463.29,17.55,0.587,0.3281
rpi1,MUL_MAT,q2_K,f32,4096,8,14336,27,54524.41,17.23,0.364,0.3281
rpi1,MUL_MAT,q2_K,f32,4096,512,14336,1,5258897.0,11.43,0.011,0.3281
rpi1,MUL_MAT,q3_K,f32,4096,1,14336,138,9626.41,12.2,2.629,0.4297
rpi1,MUL_MAT,q3_K,f32,4096,2,14336,70,17962.36,13.08,1.413,0.4297
rpi1,MUL_MAT,q3_K,f32,4096,3,14336,46,28012.09,12.58,0.909,0.4297
rpi1,MUL_MAT,q3_K,f32,4096,4,14336,36,36459.14,12.88,0.7,0.4297
rpi1,MUL_MAT,q3_K,f32,4096,5,14336,28,47465.61,12.37,0.539,0.4297
rpi1,MUL_MAT,q3_K,f32,4096,8,14336,18,73923.94,12.71,0.349,0.4297
rpi1,MUL_MAT,q3_K,f32,4096,512,14336,1,7194142.0,8.36,0.009,0.4297
rpi1,MUL_MAT,q4_0,f32,4096,1,14336,138,9352.93,12.56,3.539,0.5625
rpi1,MUL_MAT,q4_0,f32,4096,2,14336,70,15022.9,15.63,2.208,0.5625
rpi1,MUL_MAT,q4_0,f32,4096,3,14336,46,24102.98,14.62,1.38,0.5625
rpi1,MUL_MAT,q4_0,f32,4096,4,14336,36,29390.08,15.98,1.134,0.5625
rpi1,MUL_MAT,q4_0,f32,4096,5,14336,28,37719.46,15.57,0.885,0.5625
rpi1,MUL_MAT,q4_0,f32,4096,8,14336,18,62285.67,15.08,0.54,0.5625
rpi1,MUL_MAT,q4_0,f32,4096,512,14336,1,5548163.0,10.84,0.013,0.5625
rpi1,MUL_MAT,q4_1,f32,4096,1,14336,138,10419.28,11.27,3.529,0.625
rpi1,MUL_MAT,q4_1,f32,4096,2,14336,70,15265.84,15.39,2.414,0.625
rpi1,MUL_MAT,q4_1,f32,4096,3,14336,46,23022.3,15.3,1.604,0.625
rpi1,MUL_MAT,q4_1,f32,4096,4,14336,36,29843.25,15.74,1.24,0.625
rpi1,MUL_MAT,q4_1,f32,4096,5,14336,28,37360.57,15.72,0.992,0.625
rpi1,MUL_MAT,q4_1,f32,4096,8,14336,18,58536.39,16.05,0.637,0.625
rpi1,MUL_MAT,q4_1,f32,4096,512,14336,1,5511084.0,10.91,0.014,0.625
rpi1,MUL_MAT,q4_K,f32,4096,1,14336,138,9181.59,12.79,3.605,0.5625
rpi1,MUL_MAT,q4_K,f32,4096,2,14336,70,14646.93,16.04,2.265,0.5625
rpi1,MUL_MAT,q4_K,f32,4096,3,14336,69,22236.72,15.84,1.495,0.5625
rpi1,MUL_MAT,q4_K,f32,4096,4,14336,36,29025.94,16.18,1.148,0.5625
rpi1,MUL_MAT,q4_K,f32,4096,5,14336,42,35502.5,16.54,0.941,0.5625
rpi1,MUL_MAT,q4_K,f32,4096,8,14336,27,55297.93,16.99,0.608,0.5625
rpi1,MUL_MAT,q4_K,f32,4096,512,14336,1,5340305.0,11.26,0.013,0.5625
rpi1,MUL_MAT,q5_0,f32,4096,1,14336,138,12910.2,9.1,3.133,0.6875
rpi1,MUL_MAT,q5_0,f32,4096,2,14336,70,19511.14,12.04,2.077,0.6875
rpi1,MUL_MAT,q5_0,f32,4096,3,14336,46,28272.24,12.46,1.436,0.6875
rpi1,MUL_MAT,q5_0,f32,4096,4,14336,36,37287.25,12.6,1.091,0.6875
rpi1,MUL_MAT,q5_0,f32,4096,5,14336,28,52119.71,11.27,0.782,0.6875
rpi1,MUL_MAT,q5_0,f32,4096,8,14336,18,75078.39,12.51,0.546,0.6875
rpi1,MUL_MAT,q5_0,f32,4096,512,14336,1,7429517.0,8.09,0.011,0.6875
rpi1,MUL_MAT,q5_1,f32,4096,1,14336,138,12593.39,9.33,3.503,0.75
rpi1,MUL_MAT,q5_1,f32,4096,2,14336,70,20413.86,11.51,2.165,0.75
rpi1,MUL_MAT,q5_1,f32,4096,3,14336,46,29966.2,11.76,1.477,0.75
rpi1,MUL_MAT,q5_1,f32,4096,4,14336,36,43559.11,10.78,1.018,0.75
rpi1,MUL_MAT,q5_1,f32,4096,5,14336,28,54043.21,10.87,0.822,0.75
rpi1,MUL_MAT,q5_1,f32,4096,8,14336,18,80925.33,11.61,0.551,0.75
rpi1,MUL_MAT,q5_1,f32,4096,512,14336,1,8179628.0,7.35,0.01,0.75
rpi1,MUL_MAT,q5_K,f32,4096,1,14336,138,11241.2,10.45,3.598,0.6875
rpi1,MUL_MAT,q5_K,f32,4096,2,14336,70,19314.77,12.16,2.098,0.6875
rpi1,MUL_MAT,q5_K,f32,4096,3,14336,46,27757.04,12.69,1.462,0.6875
rpi1,MUL_MAT,q5_K,f32,4096,4,14336,36,34696.19,13.54,1.172,0.6875
rpi1,MUL_MAT,q5_K,f32,4096,5,14336,28,43593.07,13.47,0.935,0.6875
rpi1,MUL_MAT,q5_K,f32,4096,8,14336,18,70648.72,13.3,0.58,0.6875
rpi1,MUL_MAT,q5_K,f32,4096,512,14336,1,7465505.0,8.05,0.01,0.6875
rpi1,MUL_MAT,q6_K,f32,4096,1,14336,138,13448.13,8.73,3.587,0.8203
rpi1,MUL_MAT,q6_K,f32,4096,2,14336,70,20184.51,11.64,2.394,0.8203
rpi1,MUL_MAT,q6_K,f32,4096,3,14336,46,31844.74,11.06,1.52,0.8203
rpi1,MUL_MAT,q6_K,f32,4096,4,14336,36,42392.36,11.08,1.143,0.8203
rpi1,MUL_MAT,q6_K,f32,4096,5,14336,28,52968.43,11.09,0.916,0.8203
rpi1,MUL_MAT,q6_K,f32,4096,8,14336,18,82767.17,11.35,0.589,0.8203
rpi1,MUL_MAT,q6_K,f32,4096,512,14336,1,7831321.0,7.68,0.011,0.8203
rpi1,MUL_MAT,q8_0,f32,4096,1,14336,69,18389.67,6.39,3.397,1.0625
rpi1,MUL_MAT,q8_0,f32,4096,2,14336,70,28155.66,8.34,2.221,1.0625
rpi1,MUL_MAT,q8_0,f32,4096,3,14336,46,34627.89,10.17,1.808,1.0625
rpi1,MUL_MAT,q8_0,f32,4096,4,14336,36,44370.83,10.59,1.413,1.0625
rpi1,MUL_MAT,q8_0,f32,4096,5,14336,28,53272.89,11.02,1.178,1.0625
rpi1,MUL_MAT,q8_0,f32,4096,8,14336,18,86499.94,10.86,0.728,1.0625
rpi1,MUL_MAT,q8_0,f32,4096,512,14336,1,6460289.0,9.31,0.016,1.0625
rpi2,MUL_MAT,bf16,f32,4096,1,14336,69,60014.87,1.96,1.958,2.0
rpi2,MUL_MAT,bf16,f32,4096,2,14336,35,120115.29,1.96,0.979,2.0
rpi2,MUL_MAT,bf16,f32,4096,3,14336,23,180527.35,1.95,0.652,2.0
rpi2,MUL_MAT,bf16,f32,4096,4,14336,18,240921.83,1.95,0.489,2.0
rpi2,MUL_MAT,bf16,f32,4096,5,14336,14,301026.43,1.95,0.391,2.0
rpi2,MUL_MAT,bf16,f32,4096,8,14336,9,481118.22,1.95,0.245,2.0
rpi2,MUL_MAT,bf16,f32,4096,512,14336,1,41755671.0,1.44,0.004,2.0
rpi2,MUL_MAT,f16,f32,4096,1,14336,69,33079.03,3.55,3.553,2.0
rpi2,MUL_MAT,f16,f32,4096,2,14336,35,33798.2,6.95,3.479,2.0
rpi2,MUL_MAT,f16,f32,4096,3,14336,46,35855.61,9.83,3.282,2.0
rpi2,MUL_MAT,f16,f32,4096,4,14336,36,43147.31,10.89,2.729,2.0
rpi2,MUL_MAT,f16,f32,4096,5,14336,14,71725.14,8.19,1.643,2.0
rpi2,MUL_MAT,f16,f32,4096,8,14336,18,85504.28,10.99,1.38,2.0
rpi2,MUL_MAT,f16,f32,4096,512,14336,1,11082019.0,5.43,0.014,2.0
rpi2,MUL_MAT,f32,f32,4096,1,14336,69,64608.7,1.82,3.637,4.0
rpi2,MUL_MAT,f32,f32,4096,2,14336,35,127107.89,1.85,1.849,4.0
rpi2,MUL_MAT,f32,f32,4096,3,14336,23,194149.61,1.81,1.211,4.0
rpi2,MUL_MAT,f32,f32,4096,4,14336,18,84916.61,5.53,2.769,4.0
rpi2,MUL_MAT,f32,f32,4096,5,14336,14,109218.07,5.38,2.154,4.0
rpi2,MUL_MAT,f32,f32,4096,8,14336,9,169307.22,5.55,1.391,4.0
rpi2,MUL_MAT,f32,f32,4096,512,14336,1,11191449.0,5.37,0.024,4.0
rpi2,MUL_MAT,iq1_m,f32,4096,1,14336,138,13691.83,8.58,0.944,0.2188
rpi2,MUL_MAT,iq1_m,f32,4096,2,14336,70,26586.09,8.83,0.489,0.2188
rpi2,MUL_MAT,iq1_m,f32,4096,3,14336,46,39384.74,8.95,0.332,0.2188
rpi2,MUL_MAT,iq1_m,f32,4096,4,14336,36,52618.67,8.93,0.25,0.2188
rpi2,MUL_MAT,iq1_m,f32,4096,5,14336,28,65491.54,8.97,0.202,0.2188
rpi2,MUL_MAT,iq1_m,f32,4096,8,14336,18,104296.5,9.01,0.129,0.2188
rpi2,MUL_MAT,iq1_m,f32,4096,512,14336,1,7549685.0,7.96,0.007,0.2188
rpi2,MUL_MAT,iq1_s,f32,4096,1,14336,138,9124.36,12.87,1.265,0.1953
rpi2,MUL_MAT,iq1_s,f32,4096,2,14336,70,17761.49,13.22,0.654,0.1953
rpi2,MUL_MAT,iq1_s,f32,4096,3,14336,46,26190.15,13.45,0.446,0.1953
rpi2,MUL_MAT,iq1_s,f32,4096,4,14336,36,35113.03,13.38,0.335,0.1953
rpi2,MUL_MAT,iq1_s,f32,4096,5,14336,28,43551.39,13.48,0.272,0.1953
rpi2,MUL_MAT,iq1_s,f32,4096,8,14336,18,69229.44,13.57,0.174,0.1953
rpi2,MUL_MAT,iq1_s,f32,4096,512,14336,1,5213789.0,11.53,0.009,0.1953
rpi2,MUL_MAT,iq2_s,f32,4096,1,14336,138,11702.54,10.04,1.614,0.3203
rpi2,MUL_MAT,iq2_s,f32,4096,2,14336,70,23081.29,10.18,0.821,0.3203
rpi2,MUL_MAT,iq2_s,f32,4096,3,14336,46,34277.04,10.28,0.555,0.3203
rpi2,MUL_MAT,iq2_s,f32,4096,4,14336,36,45766.19,10.26,0.417,0.3203
rpi2,MUL_MAT,iq2_s,f32,4096,5,14336,28,56945.36,10.31,0.337,0.3203
rpi2,MUL_MAT,iq2_s,f32,4096,8,14336,18,90659.94,10.36,0.214,0.3203
rpi2,MUL_MAT,iq2_s,f32,4096,512,14336,1,7082382.0,8.49,0.008,0.3203
rpi2,MUL_MAT,iq2_xs,f32,4096,1,14336,138,10271.35,11.43,1.66,0.2891
rpi2,MUL_MAT,iq2_xs,f32,4096,2,14336,70,19785.76,11.87,0.865,0.2891
rpi2,MUL_MAT,iq2_xs,f32,4096,3,14336,46,29160.48,12.08,0.59,0.2891
rpi2,MUL_MAT,iq2_xs,f32,4096,4,14336,36,39002.22,12.04,0.443,0.2891
rpi2,MUL_MAT,iq2_xs,f32,4096,5,14336,28,48341.21,12.15,0.359,0.2891
rpi2,MUL_MAT,iq2_xs,f32,4096,8,14336,18,76420.0,12.29,0.23,0.2891
rpi2,MUL_MAT,iq2_xs,f32,4096,512,14336,1,5273443.0,11.4,0.01,0.2891
rpi2,MUL_MAT,iq2_xxs,f32,4096,1,14336,138,9013.78,13.03,1.688,0.2578
rpi2,MUL_MAT,iq2_xxs,f32,4096,2,14336,70,17709.5,13.26,0.863,0.2578
rpi2,MUL_MAT,iq2_xxs,f32,4096,3,14336,46,26406.67,13.34,0.582,0.2578
rpi2,MUL_MAT,iq2_xxs,f32,4096,4,14336,36,35169.25,13.36,0.439,0.2578
rpi2,MUL_MAT,iq2_xxs,f32,4096,5,14336,28,43855.46,13.39,0.354,0.2578
rpi2,MUL_MAT,iq2_xxs,f32,4096,8,14336,18,70112.72,13.4,0.224,0.2578
rpi2,MUL_MAT,iq2_xxs,f32,4096,512,14336,1,5444322.0,11.04,0.01,0.2578
rpi2,MUL_MAT,iq3_s,f32,4096,1,14336,69,15439.62,7.61,1.639,0.4297
rpi2,MUL_MAT,iq3_s,f32,4096,2,14336,35,29705.69,7.91,0.854,0.4297
rpi2,MUL_MAT,iq3_s,f32,4096,3,14336,23,44339.13,7.95,0.574,0.4297
rpi2,MUL_MAT,iq3_s,f32,4096,4,14336,18,59127.33,7.94,0.432,0.4297
rpi2,MUL_MAT,iq3_s,f32,4096,5,14336,14,73793.57,7.96,0.347,0.4297
rpi2,MUL_MAT,iq3_s,f32,4096,8,14336,9,117718.33,7.98,0.219,0.4297
rpi2,MUL_MAT,iq3_s,f32,4096,512,14336,1,8420963.0,7.14,0.007,0.4297
rpi2,MUL_MAT,iq3_xxs,f32,4096,1,14336,138,11685.53,10.05,1.93,0.3828
rpi2,MUL_MAT,iq3_xxs,f32,4096,2,14336,70,23323.5,10.07,0.97,0.3828
rpi2,MUL_MAT,iq3_xxs,f32,4096,3,14336,46,34838.09,10.11,0.652,0.3828
rpi2,MUL_MAT,iq3_xxs,f32,4096,4,14336,36,46584.39,10.08,0.489,0.3828
rpi2,MUL_MAT,iq3_xxs,f32,4096,5,14336,28,58121.64,10.1,0.393,0.3828
rpi2,MUL_MAT,iq3_xxs,f32,4096,8,14336,18,92851.83,10.12,0.248,0.3828
rpi2,MUL_MAT,iq3_xxs,f32,4096,512,14336,1,6604407.0,9.1,0.009,0.3828
rpi2,MUL_MAT,iq4_nl,f32,4096,1,14336,138,9296.6,12.63,3.561,0.5625
rpi2,MUL_MAT,iq4_nl,f32,4096,2,14336,70,15253.53,15.4,2.175,0.5625
rpi2,MUL_MAT,iq4_nl,f32,4096,3,14336,46,22821.15,15.44,1.457,0.5625
rpi2,MUL_MAT,iq4_nl,f32,4096,4,14336,36,30560.44,15.37,1.09,0.5625
rpi2,MUL_MAT,iq4_nl,f32,4096,5,14336,28,38159.18,15.39,0.875,0.5625
rpi2,MUL_MAT,iq4_nl,f32,4096,8,14336,18,60177.22,15.61,0.559,0.5625
rpi2,MUL_MAT,iq4_nl,f32,4096,512,14336,1,3993682.0,15.06,0.018,0.5625
rpi2,MUL_MAT,iq4_xs,f32,4096,1,14336,138,8660.0,13.56,3.611,0.5312
rpi2,MUL_MAT,iq4_xs,f32,4096,2,14336,70,14553.96,16.14,2.154,0.5312
rpi2,MUL_MAT,iq4_xs,f32,4096,3,14336,46,21754.98,16.19,1.444,0.5312
rpi2,MUL_MAT,iq4_xs,f32,4096,4,14336,36,29085.42,16.15,1.083,0.5312
rpi2,MUL_MAT,iq4_xs,f32,4096,5,14336,28,36450.11,16.11,0.866,0.5312
rpi2,MUL_MAT,iq4_xs,f32,4096,8,14336,18,57291.22,16.4,0.555,0.5312
rpi2,MUL_MAT,iq4_xs,f32,4096,512,14336,1,4193733.0,14.34,0.016,0.5312
rpi2,MUL_MAT,q2_K,f32,4096,1,14336,207,6261.87,18.75,3.089,0.3281
rpi2,MUL_MAT,q2_K,f32,4096,2,14336,105,12023.94,19.53,1.615,0.3281
rpi2,MUL_MAT,q2_K,f32,4096,3,14336,69,17880.32,19.7,1.09,0.3281
rpi2,MUL_MAT,q2_K,f32,4096,4,14336,54,24078.48,19.51,0.812,0.3281
rpi2,MUL_MAT,q2_K,f32,4096,5,14336,42,29981.1,19.59,0.655,0.3281
rpi2,MUL_MAT,q2_K,f32,4096,8,14336,27,47607.3,19.73,0.417,0.3281
rpi2,MUL_MAT,q2_K,f32,4096,512,14336,1,4345087.0,13.84,0.013,0.3281
rpi2,MUL_MAT,q3_K,f32,4096,1,14336,138,8715.88,13.47,2.903,0.4297
rpi2,MUL_MAT,q3_K,f32,4096,2,14336,70,17016.53,13.8,1.491,0.4297
rpi2,MUL_MAT,q3_K,f32,4096,3,14336,46,25404.76,13.87,1.002,0.4297
rpi2,MUL_MAT,q3_K,f32,4096,4,14336,36,34175.89,13.75,0.747,0.4297
rpi2,MUL_MAT,q3_K,f32,4096,5,14336,28,42565.86,13.8,0.601,0.4297
rpi2,MUL_MAT,q3_K,f32,4096,8,14336,18,67903.11,13.84,0.38,0.4297
rpi2,MUL_MAT,q3_K,f32,4096,512,14336,1,6113479.0,9.84,0.01,0.4297
rpi2,MUL_MAT,q4_0,f32,4096,1,14336,138,9342.64,12.57,3.543,0.5625
rpi2,MUL_MAT,q4_0,f32,4096,2,14336,105,13439.48,17.48,2.469,0.5625
rpi2,MUL_MAT,q4_0,f32,4096,3,14336,69,20342.43,17.32,1.635,0.5625
rpi2,MUL_MAT,q4_0,f32,4096,4,14336,54,27511.78,17.07,1.211,0.5625
rpi2,MUL_MAT,q4_0,f32,4096,5,14336,42,33947.33,17.3,0.984,0.5625
rpi2,MUL_MAT,q4_0,f32,4096,8,14336,27,53466.7,17.57,0.629,0.5625
rpi2,MUL_MAT,q4_0,f32,4096,512,14336,1,4497612.0,13.37,0.016,0.5625
rpi2,MUL_MAT,q4_1,f32,4096,1,14336,138,10357.75,11.34,3.55,0.625
rpi2,MUL_MAT,q4_1,f32,4096,2,14336,105,14262.97,16.47,2.583,0.625
rpi2,MUL_MAT,q4_1,f32,4096,3,14336,46,22194.04,15.87,1.664,0.625
rpi2,MUL_MAT,q4_1,f32,4096,4,14336,36,29105.56,16.14,1.271,0.625
rpi2,MUL_MAT,q4_1,f32,4096,5,14336,28,36159.5,16.24,1.025,0.625
rpi2,MUL_MAT,q4_1,f32,4096,8,14336,18,55757.89,16.85,0.669,0.625
rpi2,MUL_MAT,q4_1,f32,4096,512,14336,1,4417883.0,13.61,0.017,0.625
rpi2,MUL_MAT,q4_K,f32,4096,1,14336,138,9143.6,12.84,3.62,0.5625
rpi2,MUL_MAT,q4_K,f32,4096,2,14336,105,12830.93,18.31,2.586,0.5625
rpi2,MUL_MAT,q4_K,f32,4096,3,14336,69,20041.2,17.58,1.659,0.5625
rpi2,MUL_MAT,q4_K,f32,4096,4,14336,54,26849.69,17.5,1.241,0.5625
rpi2,MUL_MAT,q4_K,f32,4096,5,14336,42,33131.52,17.72,1.008,0.5625
rpi2,MUL_MAT,q4_K,f32,4096,8,14336,27,51176.59,18.36,0.657,0.5625
rpi2,MUL_MAT,q4_K,f32,4096,512,14336,1,4350698.0,13.82,0.016,0.5625
rpi2,MUL_MAT,q5_0,f32,4096,1,14336,138,11261.62,10.43,3.591,0.6875
rpi2,MUL_MAT,q5_0,f32,4096,2,14336,70,18083.89,12.99,2.241,0.6875
rpi2,MUL_MAT,q5_0,f32,4096,3,14336,46,27105.09,13.0,1.498,0.6875
rpi2,MUL_MAT,q5_0,f32,4096,4,14336,36,35527.47,13.22,1.145,0.6875
rpi2,MUL_MAT,q5_0,f32,4096,5,14336,28,44089.43,13.32,0.924,0.6875
rpi2,MUL_MAT,q5_0,f32,4096,8,14336,18,69637.06,13.49,0.588,0.6875
rpi2,MUL_MAT,q5_0,f32,4096,512,14336,1,6164575.0,9.75,0.013,0.6875
rpi2,MUL_MAT,q5_1,f32,4096,1,14336,138,12304.28,9.54,3.585,0.75
rpi2,MUL_MAT,q5_1,f32,4096,2,14336,70,19478.0,12.06,2.269,0.75
rpi2,MUL_MAT,q5_1,f32,4096,3,14336,46,29280.76,12.03,1.512,0.75
rpi2,MUL_MAT,q5_1,f32,4096,4,14336,36,38800.61,12.11,1.143,0.75
rpi2,MUL_MAT,q5_1,f32,4096,5,14336,28,47582.86,12.34,0.933,0.75
rpi2,MUL_MAT,q5_1,f32,4096,8,14336,18,75615.67,12.42,0.59,0.75
rpi2,MUL_MAT,q5_1,f32,4096,512,14336,1,6945436.0,8.66,0.012,0.75
rpi2,MUL_MAT,q5_K,f32,4096,1,14336,138,11266.18,10.42,3.59,0.6875
rpi2,MUL_MAT,q5_K,f32,4096,2,14336,70,16574.93,14.17,2.445,0.6875
rpi2,MUL_MAT,q5_K,f32,4096,3,14336,46,25821.91,13.64,1.572,0.6875
rpi2,MUL_MAT,q5_K,f32,4096,4,14336,36,33164.58,14.16,1.226,0.6875
rpi2,MUL_MAT,q5_K,f32,4096,5,14336,28,40923.61,14.35,0.995,0.6875
rpi2,MUL_MAT,q5_K,f32,4096,8,14336,18,64387.0,14.59,0.636,0.6875
rpi2,MUL_MAT,q5_K,f32,4096,512,14336,1,5552376.0,10.83,0.014,0.6875
rpi2,MUL_MAT,q6_K,f32,4096,1,14336,138,12775.41,9.19,3.776,0.8203
rpi2,MUL_MAT,q6_K,f32,4096,2,14336,70,18413.66,12.76,2.624,0.8203
rpi2,MUL_MAT,q6_K,f32,4096,3,14336,46,29183.07,12.07,1.658,0.8203
rpi2,MUL_MAT,q6_K,f32,4096,4,14336,36,37693.44,12.46,1.286,0.8203
rpi2,MUL_MAT,q6_K,f32,4096,5,14336,28,45962.04,12.78,1.056,0.8203
rpi2,MUL_MAT,q6_K,f32,4096,8,14336,18,70201.33,13.38,0.695,0.8203
rpi2,MUL_MAT,q6_K,f32,4096,512,14336,1,5843232.0,10.29,0.015,0.8203
rpi2,MUL_MAT,q8_0,f32,4096,1,14336,69,17022.29,6.9,3.67,1.0625
rpi2,MUL_MAT,q8_0,f32,4096,2,14336,70,23200.69,10.12,2.696,1.0625
rpi2,MUL_MAT,q8_0,f32,4096,3,14336,46,30450.02,11.57,2.056,1.0625
rpi2,MUL_MAT,q8_0,f32,4096,4,14336,36,37029.42,12.69,1.693,1.0625
rpi2,MUL_MAT,q8_0,f32,4096,5,14336,28,43779.04,13.41,1.434,1.0625
rpi2,MUL_MAT,q8_0,f32,4096,8,14336,18,64362.22,14.6,0.979,1.0625
rpi2,MUL_MAT,q8_0,f32,4096,512,14336,1,4968419.0,12.1,0.02,1.0625
rpi3,MUL_MAT,bf16,f32,4096,1,14336,69,59952.33,1.96,1.96,2.0
rpi3,MUL_MAT,bf16,f32,4096,2,14336,35,120030.83,1.96,0.98,2.0
rpi3,MUL_MAT,bf16,f32,4096,3,14336,23,180405.04,1.95,0.652,2.0
rpi3,MUL_MAT,bf16,f32,4096,4,14336,18,240413.5,1.95,0.49,2.0
rpi3,MUL_MAT,bf16,f32,4096,5,14336,14,300544.64,1.95,0.392,2.0
rpi3,MUL_MAT,bf16,f32,4096,8,14336,9,481400.67,1.95,0.245,2.0
rpi3,MUL_MAT,bf16,f32,4096,512,14336,1,39142813.0,1.54,0.004,2.0
rpi3,MUL_MAT,f16,f32,4096,1,14336,69,33585.16,3.5,3.499,2.0
rpi3,MUL_MAT,f16,f32,4096,2,14336,35,34732.34,6.76,3.386,2.0
rpi3,MUL_MAT,f16,f32,4096,3,14336,46,36330.74,9.7,3.239,2.0
rpi3,MUL_MAT,f16,f32,4096,4,14336,36,43790.56,10.73,2.689,2.0
rpi3,MUL_MAT,f16,f32,4096,5,14336,14,80033.36,7.34,1.472,2.0
rpi3,MUL_MAT,f16,f32,4096,8,14336,18,100901.22,9.31,1.17,2.0
rpi3,MUL_MAT,f16,f32,4096,512,14336,1,10314724.0,5.83,0.015,2.0
rpi3,MUL_MAT,f32,f32,4096,1,14336,69,64405.97,1.82,3.648,4.0
rpi3,MUL_MAT,f32,f32,4096,2,14336,35,126762.51,1.85,1.854,4.0
rpi3,MUL_MAT,f32,f32,4096,3,14336,23,196697.39,1.79,1.195,4.0
rpi3,MUL_MAT,f32,f32,4096,4,14336,18,88239.28,5.32,2.665,4.0
rpi3,MUL_MAT,f32,f32,4096,5,14336,14,126497.07,4.64,1.86,4.0
rpi3,MUL_MAT,f32,f32,4096,8,14336,9,175979.22,5.34,1.338,4.0
rpi3,MUL_MAT,f32,f32,4096,512,14336,1,11823371.0,5.09,0.023,4.0
rpi3,MUL_MAT,iq1_m,f32,4096,1,14336,69,15019.93,7.82,0.86,0.2188
rpi3,MUL_MAT,iq1_m,f32,4096,2,14336,35,28772.26,8.16,0.452,0.2188
rpi3,MUL_MAT,iq1_m,f32,4096,3,14336,46,42463.09,8.3,0.308,0.2188
rpi3,MUL_MAT,iq1_m,f32,4096,4,14336,18,57106.56,8.23,0.23,0.2188
rpi3,MUL_MAT,iq1_m,f32,4096,5,14336,28,70759.82,8.3,0.187,0.2188
rpi3,MUL_MAT,iq1_m,f32,4096,8,14336,9,112220.56,8.37,0.12,0.2188
rpi3,MUL_MAT,iq1_m,f32,4096,512,14336,1,7590610.0,7.92,0.007,0.2188
rpi3,MUL_MAT,iq1_s,f32,4096,1,14336,138,10951.63,10.72,1.054,0.1953
rpi3,MUL_MAT,iq1_s,f32,4096,2,14336,70,20620.64,11.39,0.563,0.1953
rpi3,MUL_MAT,iq1_s,f32,4096,3,14336,46,30293.07,11.63,0.386,0.1953
rpi3,MUL_MAT,iq1_s,f32,4096,4,14336,36,40955.06,11.47,0.287,0.1953
rpi3,MUL_MAT,iq1_s,f32,4096,5,14336,28,50763.0,11.57,0.233,0.1953
rpi3,MUL_MAT,iq1_s,f32,4096,8,14336,18,79533.83,11.81,0.152,0.1953
rpi3,MUL_MAT,iq1_s,f32,4096,512,14336,1,5495814.0,10.94,0.009,0.1953
rpi3,MUL_MAT,iq2_s,f32,4096,1,14336,138,11647.75,10.08,1.621,0.3203
rpi3,MUL_MAT,iq2_s,f32,4096,2,14336,70,23537.3,9.98,0.805,0.3203
rpi3,MUL_MAT,iq2_s,f32,4096,3,14336,46,34833.61,10.11,0.546,0.3203
rpi3,MUL_MAT,iq2_s,f32,4096,4,14336,36,46434.94,10.12,0.411,0.3203
rpi3,MUL_MAT,iq2_s,f32,4096,5,14336,28,57767.5,10.16,0.332,0.3203
rpi3,MUL_MAT,iq2_s,f32,4096,8,14336,18,91985.11,10.21,0.211,0.3203
rpi3,MUL_MAT,iq2_s,f32,4096,512,14336,1,6660071.0,9.03,0.008,0.3203
rpi3,MUL_MAT,iq2_xs,f32,4096,1,14336,138,10699.72,10.98,1.593,0.2891
rpi3,MUL_MAT,iq2_xs,f32,4096,2,14336,70,20210.29,11.62,0.847,0.2891
rpi3,MUL_MAT,iq2_xs,f32,4096,3,14336,46,29906.63,11.78,0.575,0.2891
rpi3,MUL_MAT,iq2_xs,f32,4096,4,14336,36,39906.08,11.77,0.433,0.2891
rpi3,MUL_MAT,iq2_xs,f32,4096,5,14336,28,49386.89,11.89,0.351,0.2891
rpi3,MUL_MAT,iq2_xs,f32,4096,8,14336,18,78094.33,12.03,0.225,0.2891
rpi3,MUL_MAT,iq2_xs,f32,4096,512,14336,1,5220352.0,11.52,0.01,0.2891
rpi3,MUL_MAT,iq2_xxs,f32,4096,1,14336,138,9064.14,12.96,1.678,0.2578
rpi3,MUL_MAT,iq2_xxs,f32,4096,2,14336,70,17691.7,13.28,0.864,0.2578
rpi3,MUL_MAT,iq2_xxs,f32,4096,3,14336,46,26411.57,13.34,0.582,0.2578
rpi3,MUL_MAT,iq2_xxs,f32,4096,4,14336,36,35342.81,13.29,0.437,0.2578
rpi3,MUL_MAT,iq2_xxs,f32,4096,5,14336,28,44022.18,13.34,0.352,0.2578
rpi3,MUL_MAT,iq2_xxs,f32,4096,8,14336,18,70565.44,13.31,0.223,0.2578
rpi3,MUL_MAT,iq2_xxs,f32,4096,512,14336,1,5146568.0,11.68,0.01,0.2578
rpi3,MUL_MAT,iq3_s,f32,4096,1,14336,69,15268.22,7.69,1.657,0.4297
rpi3,MUL_MAT,iq3_s,f32,4096,2,14336,35,29606.49,7.93,0.857,0.4297
rpi3,MUL_MAT,iq3_s,f32,4096,3,14336,23,44308.26,7.95,0.574,0.4297
rpi3,MUL_MAT,iq3_s,f32,4096,4,14336,18,59180.22,7.94,0.431,0.4297
rpi3,MUL_MAT,iq3_s,f32,4096,5,14336,14,73804.43,7.96,0.347,0.4297
rpi3,MUL_MAT,iq3_s,f32,4096,8,14336,9,117698.22,7.98,0.219,0.4297
rpi3,MUL_MAT,iq3_s,f32,4096,512,14336,1,8076194.0,7.45,0.008,0.4297
rpi3,MUL_MAT,iq3_xxs,f32,4096,1,14336,138,11842.91,9.92,1.904,0.3828
rpi3,MUL_MAT,iq3_xxs,f32,4096,2,14336,70,23382.91,10.04,0.968,0.3828
rpi3,MUL_MAT,iq3_xxs,f32,4096,3,14336,46,34917.41,10.09,0.65,0.3828
rpi3,MUL_MAT,iq3_xxs,f32,4096,4,14336,36,46634.44,10.07,0.488,0.3828
rpi3,MUL_MAT,iq3_xxs,f32,4096,5,14336,28,58193.96,10.09,0.393,0.3828
rpi3,MUL_MAT,iq3_xxs,f32,4096,8,14336,18,93033.72,10.1,0.248,0.3828
rpi3,MUL_MAT,iq3_xxs,f32,4096,512,14336,1,6379232.0,9.43,0.009,0.3828
rpi3,MUL_MAT,iq4_nl,f32,4096,1,14336,138,9160.3,12.82,3.614,0.5625
rpi3,MUL_MAT,iq4_nl,f32,4096,2,14336,70,15582.04,15.07,2.129,0.5625
rpi3,MUL_MAT,iq4_nl,f32,4096,3,14336,46,23547.98,14.96,1.412,0.5625
rpi3,MUL_MAT,iq4_nl,f32,4096,4,14336,36,30943.17,15.18,1.077,0.5625
rpi3,MUL_MAT,iq4_nl,f32,4096,5,14336,28,38244.04,15.35,0.873,0.5625
rpi3,MUL_MAT,iq4_nl,f32,4096,8,14336,18,60216.94,15.6,0.558,0.5625
rpi3,MUL_MAT,iq4_nl,f32,4096,512,14336,1,3881067.0,15.49,0.018,0.5625
rpi3,MUL_MAT,iq4_xs,f32,4096,1,14336,138,8679.28,13.53,3.603,0.5312
rpi3,MUL_MAT,iq4_xs,f32,4096,2,14336,70,14577.24,16.11,2.15,0.5312
rpi3,MUL_MAT,iq4_xs,f32,4096,3,14336,46,22113.46,15.93,1.421,0.5312
rpi3,MUL_MAT,iq4_xs,f32,4096,4,14336,36,29280.75,16.04,1.075,0.5312
rpi3,MUL_MAT,iq4_xs,f32,4096,5,14336,28,36222.86,16.21,0.871,0.5312
rpi3,MUL_MAT,iq4_xs,f32,4096,8,14336,18,57252.72,16.41,0.555,0.5312
rpi3,MUL_MAT,iq4_xs,f32,4096,512,14336,1,3961991.0,15.18,0.017,0.5312
rpi3,MUL_MAT,q2_K,f32,4096,1,14336,207,6268.57,18.73,3.085,0.3281
rpi3,MUL_MAT,q2_K,f32,4096,2,14336,105,12073.11,19.45,1.608,0.3281
rpi3,MUL_MAT,q2_K,f32,4096,3,14336,69,18062.09,19.51,1.079,0.3281
rpi3,MUL_MAT,q2_K,f32,4096,4,14336,54,24093.13,19.5,0.812,0.3281
rpi3,MUL_MAT,q2_K,f32,4096,5,14336,42,29940.48,19.61,0.656,0.3281
rpi3,MUL_MAT,q2_K,f32,4096,8,14336,27,47675.15,19.71,0.417,0.3281
rpi3,MUL_MAT,q2_K,f32,4096,512,14336,1,3816389.0,15.76,0.015,0.3281
rpi3,MUL_MAT,q3_K,f32,4096,1,14336,138,8820.04,13.32,2.869,0.4297
rpi3,MUL_MAT,q3_K,f32,4096,2,14336,70,17108.39,13.73,1.483,0.4297
rpi3,MUL_MAT,q3_K,f32,4096,3,14336,46,25526.46,13.8,0.997,0.4297
rpi3,MUL_MAT,q3_K,f32,4096,4,14336,36,34198.67,13.74,0.746,0.4297
rpi3,MUL_MAT,q3_K,f32,4096,5,14336,28,42583.82,13.79,0.601,0.4297
rpi3,MUL_MAT,q3_K,f32,4096,8,14336,18,67668.06,13.88,0.382,0.4297
rpi3,MUL_MAT,q3_K,f32,4096,512,14336,1,5505597.0,10.92,0.011,0.4297
rpi3,MUL_MAT,q4_0,f32,4096,1,14336,138,9238.4,12.71,3.583,0.5625
rpi3,MUL_MAT,q4_0,f32,4096,2,14336,105,13759.17,17.07,2.411,0.5625
rpi3,MUL_MAT,q4_0,f32,4096,3,14336,69,20916.97,16.84,1.59,0.5625
rpi3,MUL_MAT,q4_0,f32,4096,4,14336,54,27669.11,16.98,1.204,0.5625
rpi3,MUL_MAT,q4_0,f32,4096,5,14336,42,34314.31,17.11,0.973,0.5625
rpi3,MUL_MAT,q4_0,f32,4096,8,14336,27,53384.04,17.6,0.63,0.5625
rpi3,MUL_MAT,q4_0,f32,4096,512,14336,1,4280598.0,14.05,0.017,0.5625
rpi3,MUL_MAT,q4_1,f32,4096,1,14336,138,10264.52,11.44,3.583,0.625
rpi3,MUL_MAT,q4_1,f32,4096,2,14336,70,14399.36,16.31,2.559,0.625
rpi3,MUL_MAT,q4_1,f32,4096,3,14336,46,21891.85,16.09,1.687,0.625
rpi3,MUL_MAT,q4_1,f32,4096,4,14336,36,29110.0,16.14,1.271,0.625
rpi3,MUL_MAT,q4_1,f32,4096,5,14336,42,35688.07,16.45,1.039,0.625
rpi3,MUL_MAT,q4_1,f32,4096,8,14336,27,55227.85,17.01,0.675,0.625
rpi3,MUL_MAT,q4_1,f32,4096,512,14336,1,4221665.0,14.24,0.018,0.625
rpi3,MUL_MAT,q4_K,f32,4096,1,14336,138,9105.51,12.9,3.636,0.5625
rpi3,MUL_MAT,q4_K,f32,4096,2,14336,105,12748.69,18.42,2.602,0.5625
rpi3,MUL_MAT,q4_K,f32,4096,3,14336,69,19448.12,18.12,1.71,0.5625
rpi3,MUL_MAT,q4_K,f32,4096,4,14336,54,25742.94,18.25,1.295,0.5625
rpi3,MUL_MAT,q4_K,f32,4096,5,14336,42,33006.6,17.79,1.012,0.5625
rpi3,MUL_MAT,q4_K,f32,4096,8,14336,27,50821.41,18.49,0.662,0.5625
rpi3,MUL_MAT,q4_K,f32,4096,512,14336,1,3930307.0,15.3,0.018,0.5625
rpi3,MUL_MAT,q5_0,f32,4096,1,14336,138,11302.32,10.39,3.578,0.6875
rpi3,MUL_MAT,q5_0,f32,4096,2,14336,70,17925.81,13.1,2.26,0.6875
rpi3,MUL_MAT,q5_0,f32,4096,3,14336,46,27066.2,13.02,1.5,0.6875
rpi3,MUL_MAT,q5_0,f32,4096,4,14336,36,35655.06,13.18,1.141,0.6875
rpi3,MUL_MAT,q5_0,f32,4096,5,14336,28,44305.29,13.25,0.92,0.6875
rpi3,MUL_MAT,q5_0,f32,4096,8,14336,18,69387.78,13.54,0.59,0.6875
rpi3,MUL_MAT,q5_0,f32,4096,512,14336,1,5789716.0,10.39,0.013,0.6875
rpi3,MUL_MAT,q5_1,f32,4096,1,14336,138,12445.75,9.44,3.544,0.75
rpi3,MUL_MAT,q5_1,f32,4096,2,14336,70,19453.8,12.07,2.271,0.75
rpi3,MUL_MAT,q5_1,f32,4096,3,14336,46,28859.98,12.21,1.534,0.75
rpi3,MUL_MAT,q5_1,f32,4096,4,14336,36,38113.5,12.33,1.163,0.75
rpi3,MUL_MAT,q5_1,f32,4096,5,14336,28,47211.11,12.44,0.941,0.75
rpi3,MUL_MAT,q5_1,f32,4096,8,14336,18,74360.56,12.63,0.6,0.75
rpi3,MUL_MAT,q5_1,f32,4096,512,14336,1,6257522.0,9.61,0.013,0.75
rpi3,MUL_MAT,q5_K,f32,4096,1,14336,138,11221.0,10.47,3.604,0.6875
rpi3,MUL_MAT,q5_K,f32,4096,2,14336,70,16391.64,14.33,2.472,0.6875
rpi3,MUL_MAT,q5_K,f32,4096,3,14336,46,25624.52,13.75,1.584,0.6875
rpi3,MUL_MAT,q5_K,f32,4096,4,14336,36,32735.75,14.35,1.242,0.6875
rpi3,MUL_MAT,q5_K,f32,4096,5,14336,28,41111.18,14.28,0.991,0.6875
rpi3,MUL_MAT,q5_K,f32,4096,8,14336,18,64262.44,14.62,0.637,0.6875
rpi3,MUL_MAT,q5_K,f32,4096,512,14336,1,5087132.0,11.82,0.015,0.6875
rpi3,MUL_MAT,q6_K,f32,4096,1,14336,138,12942.38,9.07,3.727,0.8203
rpi3,MUL_MAT,q6_K,f32,4096,2,14336,70,18374.04,12.78,2.63,0.8203
rpi3,MUL_MAT,q6_K,f32,4096,3,14336,46,27180.39,12.96,1.78,0.8203
rpi3,MUL_MAT,q6_K,f32,4096,4,14336,36,35794.58,13.12,1.354,0.8203
rpi3,MUL_MAT,q6_K,f32,4096,5,14336,28,44718.36,13.13,1.085,0.8203
rpi3,MUL_MAT,q6_K,f32,4096,8,14336,18,68997.0,13.62,0.707,0.8203
rpi3,MUL_MAT,q6_K,f32,4096,512,14336,1,5409016.0,11.12,0.016,0.8203
rpi3,MUL_MAT,q8_0,f32,4096,1,14336,69,16894.23,6.95,3.697,1.0625
rpi3,MUL_MAT,q8_0,f32,4096,2,14336,70,23541.06,9.98,2.657,1.0625
rpi3,MUL_MAT,q8_0,f32,4096,3,14336,46,30263.11,11.64,2.069,1.0625
rpi3,MUL_MAT,q8_0,f32,4096,4,14336,36,36504.67,12.87,1.717,1.0625
rpi3,MUL_MAT,q8_0,f32,4096,5,14336,28,44030.43,13.34,1.425,1.0625
rpi3,MUL_MAT,q8_0,f32,4096,8,14336,18,65234.33,14.4,0.965,1.0625
rpi3,MUL_MAT,q8_0,f32,4096,512,14336,1,4696957.0,12.8,0.021,1.0625
rpi4,MUL_MAT,bf16,f32,4096,1,14336,69,59972.75,1.96,1.959,2.0
rpi4,MUL_MAT,bf16,f32,4096,2,14336,35,120113.71,1.96,0.979,2.0
rpi4,MUL_MAT,bf16,f32,4096,3,14336,23,180743.61,1.95,0.651,2.0
rpi4,MUL_MAT,bf16,f32,4096,4,14336,18,240806.33,1.95,0.489,2.0
rpi4,MUL_MAT,bf16,f32,4096,5,14336,14,301015.36,1.95,0.391,2.0
rpi4,MUL_MAT,bf16,f32,4096,8,14336,9,480492.0,1.96,0.246,2.0
rpi4,MUL_MAT,bf16,f32,4096,512,14336,1,40266606.0,1.49,0.004,2.0
rpi4,MUL_MAT,f16,f32,4096,1,14336,69,33039.23,3.55,3.557,2.0
rpi4,MUL_MAT,f16,f32,4096,2,14336,35,34453.29,6.82,3.413,2.0
rpi4,MUL_MAT,f16,f32,4096,3,14336,46,36068.04,9.77,3.262,2.0
rpi4,MUL_MAT,f16,f32,4096,4,14336,36,43043.31,10.91,2.735,2.0
rpi4,MUL_MAT,f16,f32,4096,5,14336,28,70266.21,8.36,1.677,2.0
rpi4,MUL_MAT,f16,f32,4096,8,14336,9,112030.22,8.39,1.054,2.0
rpi4,MUL_MAT,f16,f32,4096,512,14336,1,9674308.0,6.22,0.016,2.0
rpi4,MUL_MAT,f32,f32,4096,1,14336,69,64622.25,1.82,3.636,4.0
rpi4,MUL_MAT,f32,f32,4096,2,14336,35,127521.97,1.84,1.843,4.0
rpi4,MUL_MAT,f32,f32,4096,3,14336,23,191315.52,1.84,1.229,4.0
rpi4,MUL_MAT,f32,f32,4096,4,14336,18,85038.56,5.52,2.766,4.0
rpi4,MUL_MAT,f32,f32,4096,5,14336,14,120979.93,4.85,1.945,4.0
rpi4,MUL_MAT,f32,f32,4096,8,14336,9,175665.22,5.35,1.34,4.0
rpi4,MUL_MAT,f32,f32,4096,512,14336,1,11892500.0,5.06,0.023,4.0
rpi4,MUL_MAT,iq1_m,f32,4096,1,14336,138,13662.62,8.6,0.946,0.2188
rpi4,MUL_MAT,iq1_m,f32,4096,2,14336,70,26623.84,8.82,0.488,0.2188
rpi4,MUL_MAT,iq1_m,f32,4096,3,14336,46,39446.11,8.93,0.331,0.2188
rpi4,MUL_MAT,iq1_m,f32,4096,4,14336,36,52879.89,8.88,0.248,0.2188
rpi4,MUL_MAT,iq1_m,f32,4096,5,14336,28,65709.36,8.94,0.201,0.2188
rpi4,MUL_MAT,iq1_m,f32,4096,8,14336,18,104662.0,8.98,0.128,0.2188
rpi4,MUL_MAT,iq1_m,f32,4096,512,14336,1,7258135.0,8.28,0.007,0.2188
rpi4,MUL_MAT,iq1_s,f32,4096,1,14336,138,9300.52,12.63,1.241,0.1953
rpi4,MUL_MAT,iq1_s,f32,4096,2,14336,70,17660.23,13.3,0.658,0.1953
rpi4,MUL_MAT,iq1_s,f32,4096,3,14336,46,26099.57,13.5,0.448,0.1953
rpi4,MUL_MAT,iq1_s,f32,4096,4,14336,36,35168.64,13.36,0.334,0.1953
rpi4,MUL_MAT,iq1_s,f32,4096,5,14336,28,43663.21,13.45,0.271,0.1953
rpi4,MUL_MAT,iq1_s,f32,4096,8,14336,18,69470.94,13.52,0.174,0.1953
rpi4,MUL_MAT,iq1_s,f32,4096,512,14336,1,5021866.0,11.97,0.01,0.1953
rpi4,MUL_MAT,iq2_s,f32,4096,1,14336,138,13149.01,8.93,1.436,0.3203
rpi4,MUL_MAT,iq2_s,f32,4096,2,14336,70,25196.31,9.32,0.752,0.3203
rpi4,MUL_MAT,iq2_s,f32,4096,3,14336,46,36889.74,9.55,0.516,0.3203
rpi4,MUL_MAT,iq2_s,f32,4096,4,14336,36,48388.75,9.71,0.395,0.3203
rpi4,MUL_MAT,iq2_s,f32,4096,5,14336,28,60117.57,9.77,0.319,0.3203
rpi4,MUL_MAT,iq2_s,f32,4096,8,14336,18,95852.61,9.8,0.202,0.3203
rpi4,MUL_MAT,iq2_s,f32,4096,512,14336,1,7132435.0,8.43,0.008,0.3203
rpi4,MUL_MAT,iq2_xs,f32,4096,1,14336,138,10674.91,11.0,1.597,0.2891
rpi4,MUL_MAT,iq2_xs,f32,4096,2,14336,70,20675.31,11.36,0.828,0.2891
rpi4,MUL_MAT,iq2_xs,f32,4096,3,14336,46,30368.65,11.6,0.566,0.2891
rpi4,MUL_MAT,iq2_xs,f32,4096,4,14336,36,39961.11,11.76,0.432,0.2891
rpi4,MUL_MAT,iq2_xs,f32,4096,5,14336,28,49566.86,11.85,0.35,0.2891
rpi4,MUL_MAT,iq2_xs,f32,4096,8,14336,18,79060.28,11.88,0.222,0.2891
rpi4,MUL_MAT,iq2_xs,f32,4096,512,14336,1,5277802.0,11.39,0.01,0.2891
rpi4,MUL_MAT,iq2_xxs,f32,4096,1,14336,138,8992.83,13.06,1.692,0.2578
rpi4,MUL_MAT,iq2_xxs,f32,4096,2,14336,70,18018.74,13.04,0.848,0.2578
rpi4,MUL_MAT,iq2_xxs,f32,4096,3,14336,46,26710.96,13.19,0.575,0.2578
rpi4,MUL_MAT,iq2_xxs,f32,4096,4,14336,36,35485.42,13.24,0.435,0.2578
rpi4,MUL_MAT,iq2_xxs,f32,4096,5,14336,28,44249.18,13.27,0.35,0.2578
rpi4,MUL_MAT,iq2_xxs,f32,4096,8,14336,18,70640.06,13.3,0.223,0.2578
rpi4,MUL_MAT,iq2_xxs,f32,4096,512,14336,1,5258787.0,11.43,0.01,0.2578
rpi4,MUL_MAT,iq3_s,f32,4096,1,14336,69,15506.72,7.57,1.632,0.4297
rpi4,MUL_MAT,iq3_s,f32,4096,2,14336,35,29764.49,7.89,0.853,0.4297
rpi4,MUL_MAT,iq3_s,f32,4096,3,14336,23,44401.74,7.93,0.573,0.4297
rpi4,MUL_MAT,iq3_s,f32,4096,4,14336,18,59439.22,7.9,0.429,0.4297
rpi4,MUL_MAT,iq3_s,f32,4096,5,14336,14,74146.5,7.92,0.345,0.4297
rpi4,MUL_MAT,iq3_s,f32,4096,8,14336,9,118345.78,7.94,0.218,0.4297
rpi4,MUL_MAT,iq3_s,f32,4096,512,14336,1,8225675.0,7.31,0.008,0.4297
rpi4,MUL_MAT,iq3_xxs,f32,4096,1,14336,138,11763.73,9.98,1.917,0.3828
rpi4,MUL_MAT,iq3_xxs,f32,4096,2,14336,70,23515.53,9.99,0.962,0.3828
rpi4,MUL_MAT,iq3_xxs,f32,4096,3,14336,46,35037.15,10.06,0.648,0.3828
rpi4,MUL_MAT,iq3_xxs,f32,4096,4,14336,36,47034.81,9.99,0.484,0.3828
rpi4,MUL_MAT,iq3_xxs,f32,4096,5,14336,28,58543.75,10.03,0.39,0.3828
rpi4,MUL_MAT,iq3_xxs,f32,4096,8,14336,18,93603.94,10.04,0.246,0.3828
rpi4,MUL_MAT,iq3_xxs,f32,4096,512,14336,1,6470552.0,9.29,0.009,0.3828
rpi4,MUL_MAT,iq4_nl,f32,4096,1,14336,138,9152.43,12.83,3.617,0.5625
rpi4,MUL_MAT,iq4_nl,f32,4096,2,14336,70,15401.87,15.25,2.154,0.5625
rpi4,MUL_MAT,iq4_nl,f32,4096,3,14336,46,23046.28,15.29,1.443,0.5625
rpi4,MUL_MAT,iq4_nl,f32,4096,4,14336,36,30751.64,15.28,1.084,0.5625
rpi4,MUL_MAT,iq4_nl,f32,4096,5,14336,28,38385.04,15.3,0.87,0.5625
rpi4,MUL_MAT,iq4_nl,f32,4096,8,14336,18,60372.83,15.56,0.557,0.5625
rpi4,MUL_MAT,iq4_nl,f32,4096,512,14336,1,3917797.0,15.35,0.018,0.5625
rpi4,MUL_MAT,iq4_xs,f32,4096,1,14336,138,8635.61,13.6,3.621,0.5312
rpi4,MUL_MAT,iq4_xs,f32,4096,2,14336,70,14577.03,16.11,2.15,0.5312
rpi4,MUL_MAT,iq4_xs,f32,4096,3,14336,69,21676.86,16.25,1.449,0.5312
rpi4,MUL_MAT,iq4_xs,f32,4096,4,14336,36,29049.42,16.17,1.084,0.5312
rpi4,MUL_MAT,iq4_xs,f32,4096,5,14336,28,36302.71,16.18,0.869,0.5312
rpi4,MUL_MAT,iq4_xs,f32,4096,8,14336,18,57466.94,16.35,0.553,0.5312
rpi4,MUL_MAT,iq4_xs,f32,4096,512,14336,1,3999896.0,15.03,0.017,0.5312
rpi4,MUL_MAT,q2_K,f32,4096,1,14336,207,6298.39,18.65,3.071,0.3281
rpi4,MUL_MAT,q2_K,f32,4096,2,14336,105,12032.72,19.52,1.614,0.3281
rpi4,MUL_MAT,q2_K,f32,4096,3,14336,69,17893.43,19.69,1.089,0.3281
rpi4,MUL_MAT,q2_K,f32,4096,4,14336,54,24070.07,19.52,0.813,0.3281
rpi4,MUL_MAT,q2_K,f32,4096,5,14336,42,29924.05,19.62,0.656,0.3281
rpi4,MUL_MAT,q2_K,f32,4096,8,14336,27,47663.67,19.71,0.417,0.3281
rpi4,MUL_MAT,q2_K,f32,4096,512,14336,1,3968696.0,15.15,0.014,0.3281
rpi4,MUL_MAT,q3_K,f32,4096,1,14336,138,8681.19,13.53,2.915,0.4297
rpi4,MUL_MAT,q3_K,f32,4096,2,14336,70,17076.29,13.75,1.486,0.4297
rpi4,MUL_MAT,q3_K,f32,4096,3,14336,46,25446.04,13.85,1.0,0.4297
rpi4,MUL_MAT,q3_K,f32,4096,4,14336,36,34056.97,13.79,0.75,0.4297
rpi4,MUL_MAT,q3_K,f32,4096,5,14336,28,42520.5,13.81,0.602,0.4297
rpi4,MUL_MAT,q3_K,f32,4096,8,14336,18,67876.0,13.84,0.38,0.4297
rpi4,MUL_MAT,q3_K,f32,4096,512,14336,1,5623222.0,10.69,0.011,0.4297
rpi4,MUL_MAT,q4_0,f32,4096,1,14336,138,9181.0,12.79,3.606,0.5625
rpi4,MUL_MAT,q4_0,f32,4096,2,14336,105,13934.13,16.86,2.381,0.5625
rpi4,MUL_MAT,q4_0,f32,4096,3,14336,69,21005.26,16.77,1.583,0.5625
rpi4,MUL_MAT,q4_0,f32,4096,4,14336,54,27416.76,17.13,1.215,0.5625
rpi4,MUL_MAT,q4_0,f32,4096,5,14336,42,34166.26,17.19,0.978,0.5625
rpi4,MUL_MAT,q4_0,f32,4096,8,14336,27,53878.78,17.44,0.624,0.5625
rpi4,MUL_MAT,q4_0,f32,4096,512,14336,1,4336571.0,13.87,0.016,0.5625
rpi4,MUL_MAT,q4_1,f32,4096,1,14336,138,10261.66,11.44,3.584,0.625
rpi4,MUL_MAT,q4_1,f32,4096,2,14336,105,14128.58,16.62,2.608,0.625
rpi4,MUL_MAT,q4_1,f32,4096,3,14336,46,22013.13,16.01,1.677,0.625
rpi4,MUL_MAT,q4_1,f32,4096,4,14336,36,28949.78,16.23,1.278,0.625
rpi4,MUL_MAT,q4_1,f32,4096,5,14336,28,35811.68,16.4,1.035,0.625
rpi4,MUL_MAT,q4_1,f32,4096,8,14336,27,55531.93,16.92,0.672,0.625
rpi4,MUL_MAT,q4_1,f32,4096,512,14336,1,4747014.0,12.67,0.016,0.625
rpi4,MUL_MAT,q4_K,f32,4096,1,14336,138,9121.44,12.88,3.629,0.5625
rpi4,MUL_MAT,q4_K,f32,4096,2,14336,105,12748.82,18.42,2.602,0.5625
rpi4,MUL_MAT,q4_K,f32,4096,3,14336,69,19386.75,18.17,1.715,0.5625
rpi4,MUL_MAT,q4_K,f32,4096,4,14336,54,26666.26,17.62,1.25,0.5625
rpi4,MUL_MAT,q4_K,f32,4096,5,14336,42,33320.17,17.62,1.002,0.5625
rpi4,MUL_MAT,q4_K,f32,4096,8,14336,27,51196.15,18.35,0.657,0.5625
rpi4,MUL_MAT,q4_K,f32,4096,512,14336,1,4282153.0,14.04,0.017,0.5625
rpi4,MUL_MAT,q5_0,f32,4096,1,14336,138,11277.97,10.41,3.586,0.6875
rpi4,MUL_MAT,q5_0,f32,4096,2,14336,70,17996.89,13.05,2.251,0.6875
rpi4,MUL_MAT,q5_0,f32,4096,3,14336,46,26593.28,13.25,1.526,0.6875
rpi4,MUL_MAT,q5_0,f32,4096,4,14336,36,35085.17,13.39,1.159,0.6875
rpi4,MUL_MAT,q5_0,f32,4096,5,14336,28,43839.32,13.39,0.929,0.6875
rpi4,MUL_MAT,q5_0,f32,4096,8,14336,18,69187.5,13.58,0.592,0.6875
rpi4,MUL_MAT,q5_0,f32,4096,512,14336,1,6035597.0,9.96,0.013,0.6875
rpi4,MUL_MAT,q5_1,f32,4096,1,14336,138,12309.01,9.54,3.584,0.75
rpi4,MUL_MAT,q5_1,f32,4096,2,14336,70,19600.33,11.98,2.254,0.75
rpi4,MUL_MAT,q5_1,f32,4096,3,14336,46,28915.28,12.18,1.531,0.75
rpi4,MUL_MAT,q5_1,f32,4096,4,14336,36,38261.19,12.28,1.159,0.75
rpi4,MUL_MAT,q5_1,f32,4096,5,14336,28,47224.96,12.43,0.94,0.75
rpi4,MUL_MAT,q5_1,f32,4096,8,14336,18,74225.83,12.66,0.601,0.75
rpi4,MUL_MAT,q5_1,f32,4096,512,14336,1,6438505.0,9.34,0.013,0.75
rpi4,MUL_MAT,q5_K,f32,4096,1,14336,138,11215.3,10.47,3.606,0.6875
rpi4,MUL_MAT,q5_K,f32,4096,2,14336,70,16273.81,14.43,2.49,0.6875
rpi4,MUL_MAT,q5_K,f32,4096,3,14336,46,24329.13,14.48,1.668,0.6875
rpi4,MUL_MAT,q5_K,f32,4096,4,14336,36,32451.56,14.48,1.253,0.6875
rpi4,MUL_MAT,q5_K,f32,4096,5,14336,28,40420.21,14.53,1.008,0.6875
rpi4,MUL_MAT,q5_K,f32,4096,8,14336,18,64102.11,14.66,0.639,0.6875
rpi4,MUL_MAT,q5_K,f32,4096,512,14336,1,5203888.0,11.55,0.015,0.6875
rpi4,MUL_MAT,q6_K,f32,4096,1,14336,138,12954.28,9.07,3.724,0.8203
rpi4,MUL_MAT,q6_K,f32,4096,2,14336,70,18536.64,12.67,2.607,0.8203
rpi4,MUL_MAT,q6_K,f32,4096,3,14336,46,27361.37,12.88,1.769,0.8203
rpi4,MUL_MAT,q6_K,f32,4096,4,14336,36,35397.83,13.27,1.369,0.8203
rpi4,MUL_MAT,q6_K,f32,4096,5,14336,28,44219.14,13.28,1.098,0.8203
rpi4,MUL_MAT,q6_K,f32,4096,8,14336,18,68760.33,13.66,0.709,0.8203
rpi4,MUL_MAT,q6_K,f32,4096,512,14336,1,5517636.0,10.9,0.016,0.8203
rpi4,MUL_MAT,q8_0,f32,4096,1,14336,69,16962.67,6.92,3.682,1.0625
rpi4,MUL_MAT,q8_0,f32,4096,2,14336,70,23324.0,10.07,2.681,1.0625
rpi4,MUL_MAT,q8_0,f32,4096,3,14336,46,30370.48,11.6,2.062,1.0625
rpi4,MUL_MAT,q8_0,f32,4096,4,14336,36,36598.0,12.84,1.713,1.0625
rpi4,MUL_MAT,q8_0,f32,4096,5,14336,28,44022.5,13.34,1.426,1.0625
rpi4,MUL_MAT,q8_0,f32,4096,8,14336,18,65125.44,14.43,0.967,1.0625
rpi4,MUL_MAT,q8_0,f32,4096,512,14336,1,4931193.0,12.19,0.02,1.0625
rpi5,MUL_MAT,bf16,f32,4096,1,14336,69,59976.29,1.96,1.959,2.0
rpi5,MUL_MAT,bf16,f32,4096,2,14336,35,120099.49,1.96,0.979,2.0
rpi5,MUL_MAT,bf16,f32,4096,3,14336,23,180602.39,1.95,0.651,2.0
rpi5,MUL_MAT,bf16,f32,4096,4,14336,18,240629.67,1.95,0.489,2.0
rpi5,MUL_MAT,bf16,f32,4096,5,14336,14,300636.21,1.95,0.392,2.0
rpi5,MUL_MAT,bf16,f32,4096,8,14336,9,481336.11,1.95,0.245,2.0
rpi5,MUL_MAT,bf16,f32,4096,512,14336,1,40876673.0,1.47,0.004,2.0
rpi5,MUL_MAT,f16,f32,4096,1,14336,69,33150.65,3.54,3.545,2.0
rpi5,MUL_MAT,f16,f32,4096,2,14336,35,34087.17,6.89,3.45,2.0
rpi5,MUL_MAT,f16,f32,4096,3,14336,46,35370.37,9.96,3.327,2.0
rpi5,MUL_MAT,f16,f32,4096,4,14336,36,43354.39,10.84,2.716,2.0
rpi5,MUL_MAT,f16,f32,4096,5,14336,28,66402.79,8.84,1.774,2.0
rpi5,MUL_MAT,f16,f32,4096,8,14336,18,85559.44,10.98,1.38,2.0
rpi5,MUL_MAT,f16,f32,4096,512,14336,1,9272109.0,6.48,0.017,2.0
rpi5,MUL_MAT,f32,f32,4096,1,14336,69,64623.03,1.82,3.636,4.0
rpi5,MUL_MAT,f32,f32,4096,2,14336,35,127480.43,1.84,1.844,4.0
rpi5,MUL_MAT,f32,f32,4096,3,14336,23,190705.35,1.85,1.233,4.0
rpi5,MUL_MAT,f32,f32,4096,4,14336,18,83304.94,5.64,2.823,4.0
rpi5,MUL_MAT,f32,f32,4096,5,14336,14,111926.43,5.25,2.102,4.0
rpi5,MUL_MAT,f32,f32,4096,8,14336,9,180761.0,5.2,1.303,4.0
rpi5,MUL_MAT,f32,f32,4096,512,14336,1,11767860.0,5.11,0.023,4.0
rpi5,MUL_MAT,iq1_m,f32,4096,1,14336,138,13721.01,8.56,0.942,0.2188
rpi5,MUL_MAT,iq1_m,f32,4096,2,14336,70,26623.03,8.82,0.488,0.2188
rpi5,MUL_MAT,iq1_m,f32,4096,3,14336,46,39533.76,8.91,0.331,0.2188
rpi5,MUL_MAT,iq1_m,f32,4096,4,14336,36,52811.33,8.9,0.249,0.2188
rpi5,MUL_MAT,iq1_m,f32,4096,5,14336,28,65717.79,8.94,0.201,0.2188
rpi5,MUL_MAT,iq1_m,f32,4096,8,14336,18,104842.22,8.96,0.128,0.2188
rpi5,MUL_MAT,iq1_m,f32,4096,512,14336,1,7426914.0,8.1,0.007,0.2188
rpi5,MUL_MAT,iq1_s,f32,4096,1,14336,138,9322.46,12.6,1.238,0.1953
rpi5,MUL_MAT,iq1_s,f32,4096,2,14336,70,17699.69,13.27,0.656,0.1953
rpi5,MUL_MAT,iq1_s,f32,4096,3,14336,46,26132.93,13.48,0.447,0.1953
rpi5,MUL_MAT,iq1_s,f32,4096,4,14336,36,35397.03,13.27,0.332,0.1953
rpi5,MUL_MAT,iq1_s,f32,4096,5,14336,28,43891.86,13.38,0.27,0.1953
rpi5,MUL_MAT,iq1_s,f32,4096,8,14336,18,69915.33,13.44,0.172,0.1953
rpi5,MUL_MAT,iq1_s,f32,4096,512,14336,1,5171559.0,11.63,0.01,0.1953
rpi5,MUL_MAT,iq2_s,f32,4096,1,14336,138,12951.32,9.07,1.458,0.3203
rpi5,MUL_MAT,iq2_s,f32,4096,2,14336,70,24596.4,9.55,0.771,0.3203
rpi5,MUL_MAT,iq2_s,f32,4096,3,14336,46,36303.22,9.7,0.524,0.3203
rpi5,MUL_MAT,iq2_s,f32,4096,4,14336,36,49203.97,9.55,0.388,0.3203
rpi5,MUL_MAT,iq2_s,f32,4096,5,14336,28,61015.96,9.62,0.314,0.3203
rpi5,MUL_MAT,iq2_s,f32,4096,8,14336,18,96586.89,9.73,0.201,0.3203
rpi5,MUL_MAT,iq2_s,f32,4096,512,14336,1,7283927.0,8.26,0.008,0.3203
rpi5,MUL_MAT,iq2_xs,f32,4096,1,14336,138,10645.8,11.03,1.601,0.2891
rpi5,MUL_MAT,iq2_xs,f32,4096,2,14336,70,19743.13,11.9,0.867,0.2891
rpi5,MUL_MAT,iq2_xs,f32,4096,3,14336,46,29123.72,12.1,0.59,0.2891
rpi5,MUL_MAT,iq2_xs,f32,4096,4,14336,36,39232.81,11.97,0.44,0.2891
rpi5,MUL_MAT,iq2_xs,f32,4096,5,14336,28,48581.71,12.09,0.357,0.2891
rpi5,MUL_MAT,iq2_xs,f32,4096,8,14336,18,77820.5,12.07,0.226,0.2891
rpi5,MUL_MAT,iq2_xs,f32,4096,512,14336,1,5239354.0,11.48,0.01,0.2891
rpi5,MUL_MAT,iq2_xxs,f32,4096,1,14336,138,9161.72,12.82,1.66,0.2578
rpi5,MUL_MAT,iq2_xxs,f32,4096,2,14336,70,17613.64,13.34,0.868,0.2578
rpi5,MUL_MAT,iq2_xxs,f32,4096,3,14336,46,26296.83,13.4,0.584,0.2578
rpi5,MUL_MAT,iq2_xxs,f32,4096,4,14336,36,35360.11,13.29,0.436,0.2578
rpi5,MUL_MAT,iq2_xxs,f32,4096,5,14336,28,44073.07,13.32,0.352,0.2578
rpi5,MUL_MAT,iq2_xxs,f32,4096,8,14336,18,70477.44,13.33,0.223,0.2578
rpi5,MUL_MAT,iq2_xxs,f32,4096,512,14336,1,5286408.0,11.37,0.01,0.2578
rpi5,MUL_MAT,iq3_s,f32,4096,1,14336,69,15132.45,7.76,1.672,0.4297
rpi5,MUL_MAT,iq3_s,f32,4096,2,14336,35,30236.94,7.77,0.839,0.4297
rpi5,MUL_MAT,iq3_s,f32,4096,3,14336,23,44851.87,7.86,0.567,0.4297
rpi5,MUL_MAT,iq3_s,f32,4096,4,14336,18,59897.72,7.84,0.426,0.4297
rpi5,MUL_MAT,iq3_s,f32,4096,5,14336,14,74487.14,7.88,0.344,0.4297
rpi5,MUL_MAT,iq3_s,f32,4096,8,14336,9,118912.67,7.9,0.217,0.4297
rpi5,MUL_MAT,iq3_s,f32,4096,512,14336,1,8363135.0,7.19,0.008,0.4297
rpi5,MUL_MAT,iq3_xxs,f32,4096,1,14336,138,12011.25,9.78,1.878,0.3828
rpi5,MUL_MAT,iq3_xxs,f32,4096,2,14336,70,23297.51,10.08,0.971,0.3828
rpi5,MUL_MAT,iq3_xxs,f32,4096,3,14336,46,34801.39,10.12,0.652,0.3828
rpi5,MUL_MAT,iq3_xxs,f32,4096,4,14336,36,46927.19,10.01,0.485,0.3828
rpi5,MUL_MAT,iq3_xxs,f32,4096,5,14336,28,58530.96,10.03,0.39,0.3828
rpi5,MUL_MAT,iq3_xxs,f32,4096,8,14336,18,93844.22,10.01,0.246,0.3828
rpi5,MUL_MAT,iq3_xxs,f32,4096,512,14336,1,6588561.0,9.13,0.009,0.3828
rpi5,MUL_MAT,iq4_nl,f32,4096,1,14336,138,9187.38,12.78,3.603,0.5625
rpi5,MUL_MAT,iq4_nl,f32,4096,2,14336,70,15392.74,15.26,2.155,0.5625
rpi5,MUL_MAT,iq4_nl,f32,4096,3,14336,46,22968.37,15.34,1.448,0.5625
rpi5,MUL_MAT,iq4_nl,f32,4096,4,14336,36,30531.86,15.39,1.091,0.5625
rpi5,MUL_MAT,iq4_nl,f32,4096,5,14336,28,38088.54,15.42,0.877,0.5625
rpi5,MUL_MAT,iq4_nl,f32,4096,8,14336,18,60539.83,15.52,0.555,0.5625
rpi5,MUL_MAT,iq4_nl,f32,4096,512,14336,1,3955271.0,15.2,0.018,0.5625
rpi5,MUL_MAT,iq4_xs,f32,4096,1,14336,138,8593.2,13.67,3.639,0.5312
rpi5,MUL_MAT,iq4_xs,f32,4096,2,14336,70,14666.03,16.02,2.137,0.5312
rpi5,MUL_MAT,iq4_xs,f32,4096,3,14336,46,21770.24,16.18,1.443,0.5312
rpi5,MUL_MAT,iq4_xs,f32,4096,4,14336,36,29634.47,15.85,1.063,0.5312
rpi5,MUL_MAT,iq4_xs,f32,4096,5,14336,28,36613.68,16.04,0.862,0.5312
rpi5,MUL_MAT,iq4_xs,f32,4096,8,14336,18,58205.39,16.14,0.546,0.5312
rpi5,MUL_MAT,iq4_xs,f32,4096,512,14336,1,4125783.0,14.57,0.017,0.5312
rpi5,MUL_MAT,q2_K,f32,4096,1,14336,207,6272.68,18.72,3.083,0.3281
rpi5,MUL_MAT,q2_K,f32,4096,2,14336,105,12050.93,19.49,1.611,0.3281
rpi5,MUL_MAT,q2_K,f32,4096,3,14336,69,17981.13,19.59,1.084,0.3281
rpi5,MUL_MAT,q2_K,f32,4096,4,14336,54,24407.57,19.25,0.801,0.3281
rpi5,MUL_MAT,q2_K,f32,4096,5,14336,42,30297.64,19.38,0.648,0.3281
rpi5,MUL_MAT,q2_K,f32,4096,8,14336,27,48311.44,19.45,0.411,0.3281
rpi5,MUL_MAT,q2_K,f32,4096,512,14336,1,4298354.0,13.99,0.013,0.3281
rpi5,MUL_MAT,q3_K,f32,4096,1,14336,138,8766.38,13.4,2.887,0.4297
rpi5,MUL_MAT,q3_K,f32,4096,2,14336,70,17101.44,13.73,1.484,0.4297
rpi5,MUL_MAT,q3_K,f32,4096,3,14336,46,25475.85,13.83,0.999,0.4297
rpi5,MUL_MAT,q3_K,f32,4096,4,14336,36,34496.69,13.62,0.74,0.4297
rpi5,MUL_MAT,q3_K,f32,4096,5,14336,28,42916.93,13.68,0.597,0.4297
rpi5,MUL_MAT,q3_K,f32,4096,8,14336,18,68416.0,13.73,0.377,0.4297
rpi5,MUL_MAT,q3_K,f32,4096,512,14336,1,5696297.0,10.56,0.011,0.4297
rpi5,MUL_MAT,q4_0,f32,4096,1,14336,138,9249.23,12.7,3.579,0.5625
rpi5,MUL_MAT,q4_0,f32,4096,2,14336,105,13647.69,17.21,2.431,0.5625
rpi5,MUL_MAT,q4_0,f32,4096,3,14336,69,20607.1,17.1,1.614,0.5625
rpi5,MUL_MAT,q4_0,f32,4096,4,14336,54,27677.93,16.97,1.204,0.5625
rpi5,MUL_MAT,q4_0,f32,4096,5,14336,42,34329.24,17.11,0.973,0.5625
rpi5,MUL_MAT,q4_0,f32,4096,8,14336,27,54456.96,17.25,0.617,0.5625
rpi5,MUL_MAT,q4_0,f32,4096,512,14336,1,4420405.0,13.6,0.016,0.5625
rpi5,MUL_MAT,q4_1,f32,4096,1,14336,138,10209.7,11.5,3.602,0.625
rpi5,MUL_MAT,q4_1,f32,4096,2,14336,105,14223.27,16.51,2.591,0.625
rpi5,MUL_MAT,q4_1,f32,4096,3,14336,46,22337.89,15.77,1.653,0.625
rpi5,MUL_MAT,q4_1,f32,4096,4,14336,36,29217.44,16.08,1.266,0.625
rpi5,MUL_MAT,q4_1,f32,4096,5,14336,28,36150.75,16.24,1.025,0.625
rpi5,MUL_MAT,q4_1,f32,4096,8,14336,18,55939.5,16.8,0.667,0.625
rpi5,MUL_MAT,q4_1,f32,4096,512,14336,1,4400433.0,13.66,0.017,0.625
rpi5,MUL_MAT,q4_K,f32,4096,1,14336,138,9106.16,12.9,3.635,0.5625
rpi5,MUL_MAT,q4_K,f32,4096,2,14336,105,12959.87,18.12,2.56,0.5625
rpi5,MUL_MAT,q4_K,f32,4096,3,14336,69,20156.19,17.48,1.65,0.5625
rpi5,MUL_MAT,q4_K,f32,4096,4,14336,54,26948.87,17.43,1.237,0.5625
rpi5,MUL_MAT,q4_K,f32,4096,5,14336,42,33185.21,17.69,1.006,0.5625
rpi5,MUL_MAT,q4_K,f32,4096,8,14336,27,51676.0,18.18,0.651,0.5625
rpi5,MUL_MAT,q4_K,f32,4096,512,14336,1,4117985.0,14.6,0.017,0.5625
rpi5,MUL_MAT,q5_0,f32,4096,1,14336,138,11291.72,10.4,3.582,0.6875
rpi5,MUL_MAT,q5_0,f32,4096,2,14336,70,18196.49,12.91,2.227,0.6875
rpi5,MUL_MAT,q5_0,f32,4096,3,14336,46,26933.33,13.08,1.507,0.6875
rpi5,MUL_MAT,q5_0,f32,4096,4,14336,36,35622.44,13.19,1.142,0.6875
rpi5,MUL_MAT,q5_0,f32,4096,5,14336,28,44320.93,13.25,0.919,0.6875
rpi5,MUL_MAT,q5_0,f32,4096,8,14336,18,69571.22,13.5,0.589,0.6875
rpi5,MUL_MAT,q5_0,f32,4096,512,14336,1,6059834.0,9.92,0.013,0.6875
rpi5,MUL_MAT,q5_1,f32,4096,1,14336,138,12352.49,9.51,3.571,0.75
rpi5,MUL_MAT,q5_1,f32,4096,2,14336,70,19770.6,11.88,2.235,0.75
rpi5,MUL_MAT,q5_1,f32,4096,3,14336,46,29804.5,11.82,1.485,0.75
rpi5,MUL_MAT,q5_1,f32,4096,4,14336,36,39032.36,12.04,1.136,0.75
rpi5,MUL_MAT,q5_1,f32,4096,5,14336,28,48482.36,12.11,0.916,0.75
rpi5,MUL_MAT,q5_1,f32,4096,8,14336,18,75720.28,12.41,0.589,0.75
rpi5,MUL_MAT,q5_1,f32,4096,512,14336,1,6477365.0,9.28,0.013,0.75
rpi5,MUL_MAT,q5_K,f32,4096,1,14336,138,11240.1,10.45,3.598,0.6875
rpi5,MUL_MAT,q5_K,f32,4096,2,14336,70,16411.29,14.31,2.469,0.6875
rpi5,MUL_MAT,q5_K,f32,4096,3,14336,46,24405.67,14.44,1.663,0.6875
rpi5,MUL_MAT,q5_K,f32,4096,4,14336,36,33127.75,14.18,1.228,0.6875
rpi5,MUL_MAT,q5_K,f32,4096,5,14336,28,41489.64,14.15,0.982,0.6875
rpi5,MUL_MAT,q5_K,f32,4096,8,14336,18,65004.39,14.45,0.63,0.6875
rpi5,MUL_MAT,q5_K,f32,4096,512,14336,1,5346799.0,11.25,0.015,0.6875
rpi5,MUL_MAT,q6_K,f32,4096,1,14336,138,12979.67,9.05,3.717,0.8203
rpi5,MUL_MAT,q6_K,f32,4096,2,14336,70,18294.0,12.84,2.641,0.8203
rpi5,MUL_MAT,q6_K,f32,4096,3,14336,46,27454.78,12.83,1.763,0.8203
rpi5,MUL_MAT,q6_K,f32,4096,4,14336,36,36063.69,13.03,1.344,0.8203
rpi5,MUL_MAT,q6_K,f32,4096,5,14336,28,45299.64,12.96,1.071,0.8203
rpi5,MUL_MAT,q6_K,f32,4096,8,14336,18,70488.17,13.33,0.692,0.8203
rpi5,MUL_MAT,q6_K,f32,4096,512,14336,1,5772061.0,10.42,0.015,0.8203
rpi5,MUL_MAT,q8_0,f32,4096,1,14336,69,16995.22,6.91,3.675,1.0625
rpi5,MUL_MAT,q8_0,f32,4096,2,14336,70,23495.5,10.0,2.662,1.0625
rpi5,MUL_MAT,q8_0,f32,4096,3,14336,46,30181.72,11.67,2.074,1.0625
rpi5,MUL_MAT,q8_0,f32,4096,4,14336,36,36812.89,12.76,1.703,1.0625
rpi5,MUL_MAT,q8_0,f32,4096,5,14336,28,44371.32,13.23,1.414,1.0625
rpi5,MUL_MAT,q8_0,f32,4096,8,14336,18,64039.56,14.67,0.983,1.0625
rpi5,MUL_MAT,q8_0,f32,4096,512,14336,1,4822905.0,12.47,0.021,1.0625
rpi6,MUL_MAT,bf16,f32,4096,1,14336,69,59924.74,1.96,1.961,2.0
rpi6,MUL_MAT,bf16,f32,4096,2,14336,35,120141.77,1.96,0.979,2.0
rpi6,MUL_MAT,bf16,f32,4096,3,14336,23,180581.78,1.95,0.652,2.0
rpi6,MUL_MAT,bf16,f32,4096,4,14336,18,240839.39,1.95,0.489,2.0
rpi6,MUL_MAT,bf16,f32,4096,5,14336,14,301995.86,1.94,0.39,2.0
rpi6,MUL_MAT,bf16,f32,4096,8,14336,9,483472.33,1.94,0.244,2.0
rpi6,MUL_MAT,bf16,f32,4096,512,14336,1,43476008.0,1.38,0.004,2.0
rpi6,MUL_MAT,f16,f32,4096,1,14336,69,33015.99,3.56,3.559,2.0
rpi6,MUL_MAT,f16,f32,4096,2,14336,35,34448.03,6.82,3.413,2.0
rpi6,MUL_MAT,f16,f32,4096,3,14336,46,35911.0,9.81,3.276,2.0
rpi6,MUL_MAT,f16,f32,4096,4,14336,36,42939.53,10.94,2.742,2.0
rpi6,MUL_MAT,f16,f32,4096,5,14336,28,67474.71,8.7,1.746,2.0
rpi6,MUL_MAT,f16,f32,4096,8,14336,18,93749.67,10.02,1.259,2.0
rpi6,MUL_MAT,f16,f32,4096,512,14336,1,10834638.0,5.55,0.014,2.0
rpi6,MUL_MAT,f32,f32,4096,1,14336,69,64274.29,1.83,3.656,4.0
rpi6,MUL_MAT,f32,f32,4096,2,14336,35,127890.91,1.84,1.838,4.0
rpi6,MUL_MAT,f32,f32,4096,3,14336,23,193189.91,1.82,1.217,4.0
rpi6,MUL_MAT,f32,f32,4096,4,14336,18,78812.72,5.96,2.984,4.0
rpi6,MUL_MAT,f32,f32,4096,5,14336,14,117495.07,5.0,2.002,4.0
rpi6,MUL_MAT,f32,f32,4096,8,14336,9,172859.67,5.44,1.362,4.0
rpi6,MUL_MAT,f32,f32,4096,512,14336,1,12030712.0,5.0,0.023,4.0
rpi6,MUL_MAT,iq1_m,f32,4096,1,14336,138,13490.55,8.71,0.958,0.2188
rpi6,MUL_MAT,iq1_m,f32,4096,2,14336,70,26706.7,8.79,0.486,0.2188
rpi6,MUL_MAT,iq1_m,f32,4096,3,14336,46,39478.13,8.92,0.331,0.2188
rpi6,MUL_MAT,iq1_m,f32,4096,4,14336,36,52796.58,8.9,0.249,0.2188
rpi6,MUL_MAT,iq1_m,f32,4096,5,14336,28,66226.07,8.87,0.2,0.2188
rpi6,MUL_MAT,iq1_m,f32,4096,8,14336,18,105717.33,8.89,0.127,0.2188
rpi6,MUL_MAT,iq1_m,f32,4096,512,14336,1,7836546.0,7.67,0.006,0.2188
rpi6,MUL_MAT,iq1_s,f32,4096,1,14336,138,8942.35,13.13,1.291,0.1953
rpi6,MUL_MAT,iq1_s,f32,4096,2,14336,70,17670.06,13.29,0.657,0.1953
rpi6,MUL_MAT,iq1_s,f32,4096,3,14336,46,26154.43,13.47,0.447,0.1953
rpi6,MUL_MAT,iq1_s,f32,4096,4,14336,36,34941.5,13.44,0.337,0.1953
rpi6,MUL_MAT,iq1_s,f32,4096,5,14336,28,44488.54,13.2,0.266,0.1953
rpi6,MUL_MAT,iq1_s,f32,4096,8,14336,18,71424.5,13.15,0.169,0.1953
rpi6,MUL_MAT,iq1_s,f32,4096,512,14336,1,5562414.0,10.81,0.009,0.1953
rpi6,MUL_MAT,iq2_s,f32,4096,1,14336,138,11650.22,10.08,1.621,0.3203
rpi6,MUL_MAT,iq2_s,f32,4096,2,14336,70,23201.29,10.12,0.817,0.3203
rpi6,MUL_MAT,iq2_s,f32,4096,3,14336,46,34363.61,10.25,0.554,0.3203
rpi6,MUL_MAT,iq2_s,f32,4096,4,14336,36,45585.36,10.31,0.419,0.3203
rpi6,MUL_MAT,iq2_s,f32,4096,5,14336,28,57218.18,10.26,0.335,0.3203
rpi6,MUL_MAT,iq2_s,f32,4096,8,14336,18,91752.78,10.24,0.211,0.3203
rpi6,MUL_MAT,iq2_s,f32,4096,512,14336,1,7494847.0,8.02,0.008,0.3203
rpi6,MUL_MAT,iq2_xs,f32,4096,1,14336,138,10109.58,11.62,1.686,0.2891
rpi6,MUL_MAT,iq2_xs,f32,4096,2,14336,70,20142.41,11.66,0.85,0.2891
rpi6,MUL_MAT,iq2_xs,f32,4096,3,14336,46,29520.65,11.93,0.582,0.2891
rpi6,MUL_MAT,iq2_xs,f32,4096,4,14336,36,38998.56,12.05,0.443,0.2891
rpi6,MUL_MAT,iq2_xs,f32,4096,5,14336,28,48478.11,12.11,0.358,0.2891
rpi6,MUL_MAT,iq2_xs,f32,4096,8,14336,18,77922.89,12.06,0.225,0.2891
rpi6,MUL_MAT,iq2_xs,f32,4096,512,14336,1,5577237.0,10.78,0.01,0.2891
rpi6,MUL_MAT,iq2_xxs,f32,4096,1,14336,138,8862.3,13.25,1.717,0.2578
rpi6,MUL_MAT,iq2_xxs,f32,4096,2,14336,70,17590.46,13.35,0.869,0.2578
rpi6,MUL_MAT,iq2_xxs,f32,4096,3,14336,46,26291.39,13.4,0.584,0.2578
rpi6,MUL_MAT,iq2_xxs,f32,4096,4,14336,36,35029.86,13.41,0.441,0.2578
rpi6,MUL_MAT,iq2_xxs,f32,4096,5,14336,28,44100.96,13.31,0.352,0.2578
rpi6,MUL_MAT,iq2_xxs,f32,4096,8,14336,18,70824.28,13.27,0.222,0.2578
rpi6,MUL_MAT,iq2_xxs,f32,4096,512,14336,1,5747689.0,10.46,0.009,0.2578
rpi6,MUL_MAT,iq3_s,f32,4096,1,14336,69,14968.96,7.85,1.691,0.4297
rpi6,MUL_MAT,iq3_s,f32,4096,2,14336,35,30304.34,7.75,0.837,0.4297
rpi6,MUL_MAT,iq3_s,f32,4096,3,14336,23,44885.0,7.85,0.567,0.4297
rpi6,MUL_MAT,iq3_s,f32,4096,4,14336,18,59582.67,7.88,0.428,0.4297
rpi6,MUL_MAT,iq3_s,f32,4096,5,14336,14,74337.29,7.9,0.344,0.4297
rpi6,MUL_MAT,iq3_s,f32,4096,8,14336,9,118809.56,7.91,0.217,0.4297
rpi6,MUL_MAT,iq3_s,f32,4096,512,14336,1,8921720.0,6.74,0.007,0.4297
rpi6,MUL_MAT,iq3_xxs,f32,4096,1,14336,138,11644.44,10.09,1.937,0.3828
rpi6,MUL_MAT,iq3_xxs,f32,4096,2,14336,70,23283.63,10.09,0.972,0.3828
rpi6,MUL_MAT,iq3_xxs,f32,4096,3,14336,46,34786.7,10.13,0.653,0.3828
rpi6,MUL_MAT,iq3_xxs,f32,4096,4,14336,36,46488.67,10.1,0.49,0.3828
rpi6,MUL_MAT,iq3_xxs,f32,4096,5,14336,28,58462.82,10.04,0.391,0.3828
rpi6,MUL_MAT,iq3_xxs,f32,4096,8,14336,18,93956.11,10.0,0.246,0.3828
rpi6,MUL_MAT,iq3_xxs,f32,4096,512,14336,1,6993912.0,8.6,0.009,0.3828
rpi6,MUL_MAT,iq4_nl,f32,4096,1,14336,138,9279.25,12.66,3.568,0.5625
rpi6,MUL_MAT,iq4_nl,f32,4096,2,14336,70,15219.29,15.43,2.18,0.5625
rpi6,MUL_MAT,iq4_nl,f32,4096,3,14336,46,23336.28,15.1,1.425,0.5625
rpi6,MUL_MAT,iq4_nl,f32,4096,4,14336,36,30653.75,15.32,1.087,0.5625
rpi6,MUL_MAT,iq4_nl,f32,4096,5,14336,28,38167.71,15.38,0.875,0.5625
rpi6,MUL_MAT,iq4_nl,f32,4096,8,14336,18,60667.72,15.49,0.554,0.5625
rpi6,MUL_MAT,iq4_nl,f32,4096,512,14336,1,4166053.0,14.43,0.017,0.5625
rpi6,MUL_MAT,iq4_xs,f32,4096,1,14336,138,8623.3,13.62,3.626,0.5312
rpi6,MUL_MAT,iq4_xs,f32,4096,2,14336,70,14653.77,16.03,2.139,0.5312
rpi6,MUL_MAT,iq4_xs,f32,4096,3,14336,46,22065.24,15.97,1.424,0.5312
rpi6,MUL_MAT,iq4_xs,f32,4096,4,14336,36,29249.75,16.06,1.077,0.5312
rpi6,MUL_MAT,iq4_xs,f32,4096,5,14336,28,36278.21,16.19,0.87,0.5312
rpi6,MUL_MAT,iq4_xs,f32,4096,8,14336,18,58210.22,16.14,0.546,0.5312
rpi6,MUL_MAT,iq4_xs,f32,4096,512,14336,1,4512657.0,13.32,0.015,0.5312
rpi6,MUL_MAT,q2_K,f32,4096,1,14336,207,6120.08,19.19,3.16,0.3281
rpi6,MUL_MAT,q2_K,f32,4096,2,14336,105,12056.53,19.48,1.61,0.3281
rpi6,MUL_MAT,q2_K,f32,4096,3,14336,69,18072.36,19.5,1.078,0.3281
rpi6,MUL_MAT,q2_K,f32,4096,4,14336,54,24047.07,19.54,0.814,0.3281
rpi6,MUL_MAT,q2_K,f32,4096,5,14336,42,30230.95,19.42,0.65,0.3281
rpi6,MUL_MAT,q2_K,f32,4096,8,14336,27,48463.78,19.39,0.41,0.3281
rpi6,MUL_MAT,q2_K,f32,4096,512,14336,1,4487888.0,13.4,0.013,0.3281
rpi6,MUL_MAT,q3_K,f32,4096,1,14336,138,8476.8,13.85,2.985,0.4297
rpi6,MUL_MAT,q3_K,f32,4096,2,14336,70,17092.16,13.74,1.485,0.4297
rpi6,MUL_MAT,q3_K,f32,4096,3,14336,46,25577.15,13.77,0.995,0.4297
rpi6,MUL_MAT,q3_K,f32,4096,4,14336,36,34120.31,13.77,0.748,0.4297
rpi6,MUL_MAT,q3_K,f32,4096,5,14336,28,43008.57,13.65,0.595,0.4297
rpi6,MUL_MAT,q3_K,f32,4096,8,14336,18,68867.22,13.64,0.375,0.4297
rpi6,MUL_MAT,q3_K,f32,4096,512,14336,1,6179297.0,9.73,0.01,0.4297
rpi6,MUL_MAT,q4_0,f32,4096,1,14336,138,9120.83,12.88,3.629,0.5625
rpi6,MUL_MAT,q4_0,f32,4096,2,14336,105,13581.9,17.29,2.443,0.5625
rpi6,MUL_MAT,q4_0,f32,4096,3,14336,69,20358.8,17.31,1.633,0.5625
rpi6,MUL_MAT,q4_0,f32,4096,4,14336,54,27422.41,17.13,1.215,0.5625
rpi6,MUL_MAT,q4_0,f32,4096,5,14336,42,34114.29,17.21,0.979,0.5625
rpi6,MUL_MAT,q4_0,f32,4096,8,14336,18,55945.78,16.79,0.601,0.5625
rpi6,MUL_MAT,q4_0,f32,4096,512,14336,1,4695262.0,12.81,0.015,0.5625
rpi6,MUL_MAT,q4_1,f32,4096,1,14336,138,10177.78,11.54,3.613,0.625
rpi6,MUL_MAT,q4_1,f32,4096,2,14336,70,14642.16,16.04,2.517,0.625
rpi6,MUL_MAT,q4_1,f32,4096,3,14336,46,22336.61,15.77,1.653,0.625
rpi6,MUL_MAT,q4_1,f32,4096,4,14336,36,28951.89,16.23,1.278,0.625
rpi6,MUL_MAT,q4_1,f32,4096,5,14336,28,36061.54,16.28,1.028,0.625
rpi6,MUL_MAT,q4_1,f32,4096,8,14336,18,56583.22,16.6,0.659,0.625
rpi6,MUL_MAT,q4_1,f32,4096,512,14336,1,5010623.0,12.0,0.015,0.625
rpi6,MUL_MAT,q4_K,f32,4096,1,14336,138,9128.07,12.87,3.627,0.5625
rpi6,MUL_MAT,q4_K,f32,4096,2,14336,105,12764.89,18.4,2.599,0.5625
rpi6,MUL_MAT,q4_K,f32,4096,3,14336,69,19594.8,17.98,1.697,0.5625
rpi6,MUL_MAT,q4_K,f32,4096,4,14336,54,26978.28,17.41,1.235,0.5625
rpi6,MUL_MAT,q4_K,f32,4096,5,14336,42,32971.81,17.81,1.013,0.5625
rpi6,MUL_MAT,q4_K,f32,4096,8,14336,27,51717.74,18.17,0.65,0.5625
rpi6,MUL_MAT,q4_K,f32,4096,512,14336,1,4766066.0,12.62,0.015,0.5625
rpi6,MUL_MAT,q5_0,f32,4096,1,14336,138,11206.57,10.48,3.609,0.6875
rpi6,MUL_MAT,q5_0,f32,4096,2,14336,70,17893.14,13.13,2.264,0.6875
rpi6,MUL_MAT,q5_0,f32,4096,3,14336,46,26757.15,13.17,1.517,0.6875
rpi6,MUL_MAT,q5_0,f32,4096,4,14336,36,35518.53,13.23,1.145,0.6875
rpi6,MUL_MAT,q5_0,f32,4096,5,14336,28,43988.86,13.35,0.926,0.6875
rpi6,MUL_MAT,q5_0,f32,4096,8,14336,18,70214.06,13.38,0.583,0.6875
rpi6,MUL_MAT,q5_0,f32,4096,512,14336,1,6485552.0,9.27,0.012,0.6875
rpi6,MUL_MAT,q5_1,f32,4096,1,14336,138,12209.44,9.62,3.613,0.75
rpi6,MUL_MAT,q5_1,f32,4096,2,14336,70,19564.74,12.01,2.259,0.75
rpi6,MUL_MAT,q5_1,f32,4096,3,14336,46,29277.57,12.03,1.512,0.75
rpi6,MUL_MAT,q5_1,f32,4096,4,14336,36,38431.72,12.22,1.154,0.75
rpi6,MUL_MAT,q5_1,f32,4096,5,14336,28,47686.89,12.31,0.931,0.75
rpi6,MUL_MAT,q5_1,f32,4096,8,14336,18,75881.83,12.38,0.588,0.75
rpi6,MUL_MAT,q5_1,f32,4096,512,14336,1,6911199.0,8.7,0.012,0.75
rpi6,MUL_MAT,q5_K,f32,4096,1,14336,138,11325.88,10.37,3.571,0.6875
rpi6,MUL_MAT,q5_K,f32,4096,2,14336,70,16417.61,14.31,2.468,0.6875
rpi6,MUL_MAT,q5_K,f32,4096,3,14336,46,25050.0,14.06,1.62,0.6875
rpi6,MUL_MAT,q5_K,f32,4096,4,14336,36,33571.25,13.99,1.211,0.6875
rpi6,MUL_MAT,q5_K,f32,4096,5,14336,28,41037.89,14.31,0.993,0.6875
rpi6,MUL_MAT,q5_K,f32,4096,8,14336,18,65602.89,14.32,0.624,0.6875
rpi6,MUL_MAT,q5_K,f32,4096,512,14336,1,5953258.0,10.1,0.013,0.6875
rpi6,MUL_MAT,q6_K,f32,4096,1,14336,138,12881.85,9.12,3.745,0.8203
rpi6,MUL_MAT,q6_K,f32,4096,2,14336,70,18498.26,12.7,2.612,0.8203
rpi6,MUL_MAT,q6_K,f32,4096,3,14336,46,27186.83,12.96,1.78,0.8203
rpi6,MUL_MAT,q6_K,f32,4096,4,14336,36,36248.75,12.96,1.337,0.8203
rpi6,MUL_MAT,q6_K,f32,4096,5,14336,28,44952.0,13.06,1.08,0.8203
rpi6,MUL_MAT,q6_K,f32,4096,8,14336,18,72269.06,13.0,0.675,0.8203
rpi6,MUL_MAT,q6_K,f32,4096,512,14336,1,6200035.0,9.7,0.014,0.8203
rpi6,MUL_MAT,q8_0,f32,4096,1,14336,69,16902.0,6.95,3.696,1.0625
rpi6,MUL_MAT,q8_0,f32,4096,2,14336,70,23481.64,10.0,2.663,1.0625
rpi6,MUL_MAT,q8_0,f32,4096,3,14336,46,30135.63,11.69,2.078,1.0625
rpi6,MUL_MAT,q8_0,f32,4096,4,14336,36,36673.72,12.81,1.709,1.0625
rpi6,MUL_MAT,q8_0,f32,4096,5,14336,28,43830.86,13.4,1.432,1.0625
rpi6,MUL_MAT,q8_0,f32,4096,8,14336,18,69025.78,13.61,0.912,1.0625
rpi6,MUL_MAT,q8_0,f32,4096,512,14336,1,5089957.0,11.81,0.02,1.0625
rpi7,MUL_MAT,bf16,f32,4096,1,14336,69,59865.25,1.96,1.963,2.0
rpi7,MUL_MAT,bf16,f32,4096,2,14336,35,120301.66,1.95,0.977,2.0
rpi7,MUL_MAT,bf16,f32,4096,3,14336,23,183175.39,1.92,0.642,2.0
rpi7,MUL_MAT,bf16,f32,4096,4,14336,18,259888.11,1.81,0.453,2.0
rpi7,MUL_MAT,bf16,f32,4096,5,14336,14,355152.21,1.65,0.332,2.0
rpi7,MUL_MAT,bf16,f32,4096,8,14336,9,603362.89,1.56,0.196,2.0
rpi7,MUL_MAT,bf16,f32,4096,512,14336,1,54029305.0,1.11,0.003,2.0
rpi7,MUL_MAT,f16,f32,4096,1,14336,69,33416.88,3.51,3.517,2.0
rpi7,MUL_MAT,f16,f32,4096,2,14336,35,36239.83,6.48,3.245,2.0
rpi7,MUL_MAT,f16,f32,4096,3,14336,46,36829.24,9.57,3.195,2.0
rpi7,MUL_MAT,f16,f32,4096,4,14336,36,44009.28,10.67,2.675,2.0
rpi7,MUL_MAT,f16,f32,4096,5,14336,28,70935.82,8.28,1.661,2.0
rpi7,MUL_MAT,f16,f32,4096,8,14336,18,87534.0,10.73,1.348,2.0
rpi7,MUL_MAT,f16,f32,4096,512,14336,1,12024714.0,5.0,0.013,2.0
rpi7,MUL_MAT,f32,f32,4096,1,14336,69,64819.68,1.81,3.625,4.0
rpi7,MUL_MAT,f32,f32,4096,2,14336,35,133286.09,1.76,1.763,4.0
rpi7,MUL_MAT,f32,f32,4096,3,14336,23,196788.43,1.79,1.195,4.0
rpi7,MUL_MAT,f32,f32,4096,4,14336,18,82131.72,5.72,2.863,4.0
rpi7,MUL_MAT,f32,f32,4096,5,14336,14,111163.5,5.28,2.116,4.0
rpi7,MUL_MAT,f32,f32,4096,8,14336,9,177691.22,5.29,1.325,4.0
rpi7,MUL_MAT,f32,f32,4096,512,14336,1,13206859.0,4.55,0.021,4.0
rpi7,MUL_MAT,iq1_m,f32,4096,1,14336,138,13528.2,8.68,0.955,0.2188
rpi7,MUL_MAT,iq1_m,f32,4096,2,14336,70,26717.04,8.79,0.486,0.2188
rpi7,MUL_MAT,iq1_m,f32,4096,3,14336,46,39817.63,8.85,0.328,0.2188
rpi7,MUL_MAT,iq1_m,f32,4096,4,14336,36,55010.53,8.54,0.239,0.2188
rpi7,MUL_MAT,iq1_m,f32,4096,5,14336,28,70643.89,8.31,0.187,0.2188
rpi7,MUL_MAT,iq1_m,f32,4096,8,14336,18,115709.22,8.12,0.116,0.2188
rpi7,MUL_MAT,iq1_m,f32,4096,512,14336,1,10159440.0,5.92,0.005,0.2188
rpi7,MUL_MAT,iq1_s,f32,4096,1,14336,138,9525.12,12.33,1.212,0.1953
rpi7,MUL_MAT,iq1_s,f32,4096,2,14336,70,17849.39,13.16,0.651,0.1953
rpi7,MUL_MAT,iq1_s,f32,4096,3,14336,46,26437.8,13.33,0.442,0.1953
rpi7,MUL_MAT,iq1_s,f32,4096,4,14336,36,36541.19,12.86,0.322,0.1953
rpi7,MUL_MAT,iq1_s,f32,4096,5,14336,28,46843.07,12.54,0.253,0.1953
rpi7,MUL_MAT,iq1_s,f32,4096,8,14336,18,78978.17,11.9,0.153,0.1953
rpi7,MUL_MAT,iq1_s,f32,4096,512,14336,1,7207071.0,8.34,0.007,0.1953
rpi7,MUL_MAT,iq2_s,f32,4096,1,14336,138,12209.51,9.62,1.547,0.3203
rpi7,MUL_MAT,iq2_s,f32,4096,2,14336,70,23615.8,9.95,0.803,0.3203
rpi7,MUL_MAT,iq2_s,f32,4096,3,14336,46,35345.83,9.97,0.538,0.3203
rpi7,MUL_MAT,iq2_s,f32,4096,4,14336,36,48980.28,9.59,0.39,0.3203
rpi7,MUL_MAT,iq2_s,f32,4096,5,14336,28,62609.11,9.38,0.306,0.3203
rpi7,MUL_MAT,iq2_s,f32,4096,8,14336,18,105606.33,8.9,0.184,0.3203
rpi7,MUL_MAT,iq2_s,f32,4096,512,14336,1,9373289.0,6.41,0.006,0.3203
rpi7,MUL_MAT,iq2_xs,f32,4096,1,14336,138,10389.04,11.3,1.641,0.2891
rpi7,MUL_MAT,iq2_xs,f32,4096,2,14336,70,19723.36,11.91,0.868,0.2891
rpi7,MUL_MAT,iq2_xs,f32,4096,3,14336,46,29363.13,12.0,0.586,0.2891
rpi7,MUL_MAT,iq2_xs,f32,4096,4,14336,36,39813.78,11.8,0.434,0.2891
rpi7,MUL_MAT,iq2_xs,f32,4096,5,14336,28,50435.29,11.64,0.344,0.2891
rpi7,MUL_MAT,iq2_xs,f32,4096,8,14336,18,83435.5,11.26,0.211,0.2891
rpi7,MUL_MAT,iq2_xs,f32,4096,512,14336,1,7072813.0,8.5,0.008,0.2891
rpi7,MUL_MAT,iq2_xxs,f32,4096,1,14336,138,9289.64,12.64,1.638,0.2578
rpi7,MUL_MAT,iq2_xxs,f32,4096,2,14336,70,17641.19,13.31,0.867,0.2578
rpi7,MUL_MAT,iq2_xxs,f32,4096,3,14336,46,26484.17,13.3,0.58,0.2578
rpi7,MUL_MAT,iq2_xxs,f32,4096,4,14336,36,36500.11,12.87,0.423,0.2578
rpi7,MUL_MAT,iq2_xxs,f32,4096,5,14336,28,47374.86,12.39,0.327,0.2578
rpi7,MUL_MAT,iq2_xxs,f32,4096,8,14336,18,78456.94,11.98,0.2,0.2578
rpi7,MUL_MAT,iq2_xxs,f32,4096,512,14336,1,7007716.0,8.58,0.008,0.2578
rpi7,MUL_MAT,iq3_s,f32,4096,1,14336,69,15264.36,7.69,1.658,0.4297
rpi7,MUL_MAT,iq3_s,f32,4096,2,14336,35,29681.91,7.91,0.855,0.4297
rpi7,MUL_MAT,iq3_s,f32,4096,3,14336,23,44414.87,7.93,0.573,0.4297
rpi7,MUL_MAT,iq3_s,f32,4096,4,14336,18,59622.22,7.88,0.428,0.4297
rpi7,MUL_MAT,iq3_s,f32,4096,5,14336,14,75593.57,7.77,0.339,0.4297
rpi7,MUL_MAT,iq3_s,f32,4096,8,14336,9,122219.89,7.69,0.211,0.4297
rpi7,MUL_MAT,iq3_s,f32,4096,512,14336,1,11232511.0,5.35,0.006,0.4297
rpi7,MUL_MAT,iq3_xxs,f32,4096,1,14336,138,11961.59,9.82,1.885,0.3828
rpi7,MUL_MAT,iq3_xxs,f32,4096,2,14336,70,23316.79,10.07,0.97,0.3828
rpi7,MUL_MAT,iq3_xxs,f32,4096,3,14336,46,35137.11,10.03,0.646,0.3828
rpi7,MUL_MAT,iq3_xxs,f32,4096,4,14336,36,47515.36,9.89,0.479,0.3828
rpi7,MUL_MAT,iq3_xxs,f32,4096,5,14336,28,60818.11,9.66,0.376,0.3828
rpi7,MUL_MAT,iq3_xxs,f32,4096,8,14336,18,98136.0,9.57,0.235,0.3828
rpi7,MUL_MAT,iq3_xxs,f32,4096,512,14336,1,8675501.0,6.93,0.007,0.3828
rpi7,MUL_MAT,iq4_nl,f32,4096,1,14336,138,9345.24,12.57,3.542,0.5625
rpi7,MUL_MAT,iq4_nl,f32,4096,2,14336,70,15411.7,15.24,2.153,0.5625
rpi7,MUL_MAT,iq4_nl,f32,4096,3,14336,46,22809.59,15.45,1.458,0.5625
rpi7,MUL_MAT,iq4_nl,f32,4096,4,14336,36,30498.92,15.4,1.093,0.5625
rpi7,MUL_MAT,iq4_nl,f32,4096,5,14336,28,38624.39,15.2,0.865,0.5625
rpi7,MUL_MAT,iq4_nl,f32,4096,8,14336,18,61280.44,15.33,0.549,0.5625
rpi7,MUL_MAT,iq4_nl,f32,4096,512,14336,1,5326885.0,11.29,0.013,0.5625
rpi7,MUL_MAT,iq4_xs,f32,4096,1,14336,138,8797.02,13.35,3.554,0.5312
rpi7,MUL_MAT,iq4_xs,f32,4096,2,14336,70,14742.43,15.93,2.126,0.5312
rpi7,MUL_MAT,iq4_xs,f32,4096,3,14336,46,22154.17,15.9,1.418,0.5312
rpi7,MUL_MAT,iq4_xs,f32,4096,4,14336,36,29949.14,15.69,1.051,0.5312
rpi7,MUL_MAT,iq4_xs,f32,4096,5,14336,28,37519.61,15.65,0.841,0.5312
rpi7,MUL_MAT,iq4_xs,f32,4096,8,14336,18,60155.94,15.62,0.528,0.5312
rpi7,MUL_MAT,iq4_xs,f32,4096,512,14336,1,6176011.0,9.74,0.011,0.5312
rpi7,MUL_MAT,q2_K,f32,4096,1,14336,207,6456.61,18.19,2.996,0.3281
rpi7,MUL_MAT,q2_K,f32,4096,2,14336,105,12224.21,19.21,1.588,0.3281
rpi7,MUL_MAT,q2_K,f32,4096,3,14336,69,18564.32,18.98,1.05,0.3281
rpi7,MUL_MAT,q2_K,f32,4096,4,14336,54,25521.22,18.41,0.767,0.3281
rpi7,MUL_MAT,q2_K,f32,4096,5,14336,42,33213.62,17.68,0.591,0.3281
rpi7,MUL_MAT,q2_K,f32,4096,8,14336,27,56802.11,16.54,0.35,0.3281
rpi7,MUL_MAT,q2_K,f32,4096,512,14336,1,5278352.0,11.39,0.011,0.3281
rpi7,MUL_MAT,q3_K,f32,4096,1,14336,138,8935.14,13.14,2.832,0.4297
rpi7,MUL_MAT,q3_K,f32,4096,2,14336,70,17119.13,13.72,1.482,0.4297
rpi7,MUL_MAT,q3_K,f32,4096,3,14336,46,26117.59,13.49,0.975,0.4297
rpi7,MUL_MAT,q3_K,f32,4096,4,14336,36,37307.67,12.59,0.684,0.4297
rpi7,MUL_MAT,q3_K,f32,4096,5,14336,28,46240.57,12.7,0.554,0.4297
rpi7,MUL_MAT,q3_K,f32,4096,8,14336,18,78559.33,11.96,0.329,0.4297
rpi7,MUL_MAT,q3_K,f32,4096,512,14336,1,7317683.0,8.22,0.009,0.4297
rpi7,MUL_MAT,q4_0,f32,4096,1,14336,138,9270.71,12.67,3.571,0.5625
rpi7,MUL_MAT,q4_0,f32,4096,2,14336,105,13921.41,16.87,2.383,0.5625
rpi7,MUL_MAT,q4_0,f32,4096,3,14336,69,21650.83,16.27,1.536,0.5625
rpi7,MUL_MAT,q4_0,f32,4096,4,14336,36,30062.97,15.63,1.109,0.5625
rpi7,MUL_MAT,q4_0,f32,4096,5,14336,28,38601.61,15.21,0.865,0.5625
rpi7,MUL_MAT,q4_0,f32,4096,8,14336,18,65141.89,14.42,0.516,0.5625
rpi7,MUL_MAT,q4_0,f32,4096,512,14336,1,5655833.0,10.63,0.013,0.5625
rpi7,MUL_MAT,q4_1,f32,4096,1,14336,138,10415.47,11.28,3.531,0.625
rpi7,MUL_MAT,q4_1,f32,4096,2,14336,70,14307.73,16.42,2.575,0.625
rpi7,MUL_MAT,q4_1,f32,4096,3,14336,46,22535.72,15.63,1.638,0.625
rpi7,MUL_MAT,q4_1,f32,4096,4,14336,36,31983.08,14.69,1.157,0.625
rpi7,MUL_MAT,q4_1,f32,4096,5,14336,28,38988.86,15.06,0.951,0.625
rpi7,MUL_MAT,q4_1,f32,4096,8,14336,18,61323.78,15.32,0.608,0.625
rpi7,MUL_MAT,q4_1,f32,4096,512,14336,1,6201978.0,9.7,0.012,0.625
rpi7,MUL_MAT,q4_K,f32,4096,1,14336,138,9259.8,12.68,3.575,0.5625
rpi7,MUL_MAT,q4_K,f32,4096,2,14336,105,13073.12,17.97,2.538,0.5625
rpi7,MUL_MAT,q4_K,f32,4096,3,14336,69,20285.57,17.37,1.639,0.5625
rpi7,MUL_MAT,q4_K,f32,4096,4,14336,36,28634.47,16.41,1.164,0.5625
rpi7,MUL_MAT,q4_K,f32,4096,5,14336,28,36039.04,16.29,0.927,0.5625
rpi7,MUL_MAT,q4_K,f32,4096,8,14336,18,63650.39,14.76,0.528,0.5625
rpi7,MUL_MAT,q4_K,f32,4096,512,14336,1,5603918.0,10.73,0.013,0.5625
rpi7,MUL_MAT,q5_0,f32,4096,1,14336,138,11437.8,10.27,3.536,0.6875
rpi7,MUL_MAT,q5_0,f32,4096,2,14336,70,18590.83,12.63,2.179,0.6875
rpi7,MUL_MAT,q5_0,f32,4096,3,14336,46,27613.89,12.76,1.47,0.6875
rpi7,MUL_MAT,q5_0,f32,4096,4,14336,36,40411.97,11.62,1.006,0.6875
rpi7,MUL_MAT,q5_0,f32,4096,5,14336,28,50369.57,11.66,0.809,0.6875
rpi7,MUL_MAT,q5_0,f32,4096,8,14336,18,82656.89,11.37,0.496,0.6875
rpi7,MUL_MAT,q5_0,f32,4096,512,14336,1,7903978.0,7.61,0.01,0.6875
rpi7,MUL_MAT,q5_1,f32,4096,1,14336,138,12559.39,9.35,3.512,0.75
rpi7,MUL_MAT,q5_1,f32,4096,2,14336,70,19974.33,11.76,2.212,0.75
rpi7,MUL_MAT,q5_1,f32,4096,3,14336,46,30574.59,11.52,1.448,0.75
rpi7,MUL_MAT,q5_1,f32,4096,4,14336,36,40873.22,11.49,1.085,0.75
rpi7,MUL_MAT,q5_1,f32,4096,5,14336,28,53292.14,11.02,0.833,0.75
rpi7,MUL_MAT,q5_1,f32,4096,8,14336,18,98119.67,9.58,0.455,0.75
rpi7,MUL_MAT,q5_1,f32,4096,512,14336,1,8886675.0,6.77,0.009,0.75
rpi7,MUL_MAT,q5_K,f32,4096,1,14336,138,11363.63,10.33,3.559,0.6875
rpi7,MUL_MAT,q5_K,f32,4096,2,14336,70,16722.61,14.05,2.423,0.6875
rpi7,MUL_MAT,q5_K,f32,4096,3,14336,46,26550.48,13.27,1.529,0.6875
rpi7,MUL_MAT,q5_K,f32,4096,4,14336,36,35633.56,13.18,1.141,0.6875
rpi7,MUL_MAT,q5_K,f32,4096,5,14336,28,45562.32,12.89,0.894,0.6875
rpi7,MUL_MAT,q5_K,f32,4096,8,14336,18,71893.56,13.07,0.57,0.6875
rpi7,MUL_MAT,q5_K,f32,4096,512,14336,1,6820295.0,8.82,0.011,0.6875
rpi7,MUL_MAT,q6_K,f32,4096,1,14336,138,13316.44,8.82,3.623,0.8203
rpi7,MUL_MAT,q6_K,f32,4096,2,14336,70,18721.09,12.55,2.581,0.8203
rpi7,MUL_MAT,q6_K,f32,4096,3,14336,46,28743.74,12.26,1.684,0.8203
rpi7,MUL_MAT,q6_K,f32,4096,4,14336,36,40019.36,11.74,1.211,0.8203
rpi7,MUL_MAT,q6_K,f32,4096,5,14336,28,49993.46,11.75,0.971,0.8203
rpi7,MUL_MAT,q6_K,f32,4096,8,14336,18,78891.5,11.91,0.618,0.8203
rpi7,MUL_MAT,q6_K,f32,4096,512,14336,1,7141876.0,8.42,0.012,0.8203
rpi7,MUL_MAT,q8_0,f32,4096,1,14336,69,17254.87,6.81,3.62,1.0625
rpi7,MUL_MAT,q8_0,f32,4096,2,14336,70,24198.07,9.71,2.584,1.0625
rpi7,MUL_MAT,q8_0,f32,4096,3,14336,46,31765.54,11.09,1.971,1.0625
rpi7,MUL_MAT,q8_0,f32,4096,4,14336,36,40778.56,11.52,1.537,1.0625
rpi7,MUL_MAT,q8_0,f32,4096,5,14336,28,49298.04,11.91,1.273,1.0625
rpi7,MUL_MAT,q8_0,f32,4096,8,14336,18,75951.56,12.37,0.829,1.0625
rpi7,MUL_MAT,q8_0,f32,4096,512,14336,1,6238101.0,9.64,0.016,1.0625
rpi8,MUL_MAT,bf16,f32,4096,1,14336,69,59943.75,1.96,1.96,2.0
rpi8,MUL_MAT,bf16,f32,4096,2,14336,35,120150.0,1.95,0.979,2.0
rpi8,MUL_MAT,bf16,f32,4096,3,14336,23,180198.3,1.96,0.653,2.0
rpi8,MUL_MAT,bf16,f32,4096,4,14336,18,240482.44,1.95,0.49,2.0
rpi8,MUL_MAT,bf16,f32,4096,5,14336,14,301118.64,1.95,0.391,2.0
rpi8,MUL_MAT,bf16,f32,4096,8,14336,9,481268.33,1.95,0.245,2.0
rpi8,MUL_MAT,bf16,f32,4096,512,14336,1,37189658.0,1.62,0.004,2.0
rpi8,MUL_MAT,f16,f32,4096,1,14336,69,33278.54,3.53,3.531,2.0
rpi8,MUL_MAT,f16,f32,4096,2,14336,35,34326.43,6.84,3.426,2.0
rpi8,MUL_MAT,f16,f32,4096,3,14336,46,34758.2,10.14,3.385,2.0
rpi8,MUL_MAT,f16,f32,4096,4,14336,36,42491.44,11.06,2.771,2.0
rpi8,MUL_MAT,f16,f32,4096,5,14336,28,70845.82,8.29,1.663,2.0
rpi8,MUL_MAT,f16,f32,4096,8,14336,18,98387.44,9.55,1.2,2.0
rpi8,MUL_MAT,f16,f32,4096,512,14336,1,9101233.0,6.61,0.017,2.0
rpi8,MUL_MAT,f32,f32,4096,1,14336,69,64310.17,1.83,3.653,4.0
rpi8,MUL_MAT,f32,f32,4096,2,14336,35,127451.03,1.84,1.844,4.0
rpi8,MUL_MAT,f32,f32,4096,3,14336,23,187215.61,1.88,1.256,4.0
rpi8,MUL_MAT,f32,f32,4096,4,14336,18,83517.33,5.62,2.816,4.0
rpi8,MUL_MAT,f32,f32,4096,5,14336,14,119116.57,4.93,1.975,4.0
rpi8,MUL_MAT,f32,f32,4096,8,14336,9,186122.89,5.05,1.265,4.0
rpi8,MUL_MAT,f32,f32,4096,512,14336,1,11553756.0,5.2,0.024,4.0
rpi8,MUL_MAT,iq1_m,f32,4096,1,14336,69,14885.96,7.89,0.868,0.2188
rpi8,MUL_MAT,iq1_m,f32,4096,2,14336,35,28773.46,8.16,0.452,0.2188
rpi8,MUL_MAT,iq1_m,f32,4096,3,14336,46,42444.87,8.3,0.308,0.2188
rpi8,MUL_MAT,iq1_m,f32,4096,4,14336,18,55785.5,8.42,0.236,0.2188
rpi8,MUL_MAT,iq1_m,f32,4096,5,14336,28,69354.57,8.47,0.191,0.2188
rpi8,MUL_MAT,iq1_m,f32,4096,8,14336,18,110519.89,8.5,0.122,0.2188
rpi8,MUL_MAT,iq1_m,f32,4096,512,14336,1,7324257.0,8.21,0.007,0.2188
rpi8,MUL_MAT,iq1_s,f32,4096,1,14336,138,11032.12,10.65,1.046,0.1953
rpi8,MUL_MAT,iq1_s,f32,4096,2,14336,70,20667.71,11.36,0.562,0.1953
rpi8,MUL_MAT,iq1_s,f32,4096,3,14336,46,30085.02,11.71,0.389,0.1953
rpi8,MUL_MAT,iq1_s,f32,4096,4,14336,36,39465.17,11.9,0.298,0.1953
rpi8,MUL_MAT,iq1_s,f32,4096,5,14336,28,48831.5,12.03,0.242,0.1953
rpi8,MUL_MAT,iq1_s,f32,4096,8,14336,18,77386.56,12.14,0.156,0.1953
rpi8,MUL_MAT,iq1_s,f32,4096,512,14336,1,5181962.0,11.6,0.009,0.1953
rpi8,MUL_MAT,iq2_s,f32,4096,1,14336,138,11851.86,9.91,1.593,0.3203
rpi8,MUL_MAT,iq2_s,f32,4096,2,14336,70,23278.19,10.09,0.814,0.3203
rpi8,MUL_MAT,iq2_s,f32,4096,3,14336,46,34621.46,10.18,0.55,0.3203
rpi8,MUL_MAT,iq2_s,f32,4096,4,14336,36,46378.69,10.13,0.412,0.3203
rpi8,MUL_MAT,iq2_s,f32,4096,5,14336,28,57648.54,10.19,0.333,0.3203
rpi8,MUL_MAT,iq2_s,f32,4096,8,14336,18,92254.56,10.18,0.21,0.3203
rpi8,MUL_MAT,iq2_s,f32,4096,512,14336,1,6374044.0,9.43,0.009,0.3203
rpi8,MUL_MAT,iq2_xs,f32,4096,1,14336,138,10021.33,11.72,1.701,0.2891
rpi8,MUL_MAT,iq2_xs,f32,4096,2,14336,70,19618.14,11.97,0.873,0.2891
rpi8,MUL_MAT,iq2_xs,f32,4096,3,14336,46,28871.59,12.2,0.596,0.2891
rpi8,MUL_MAT,iq2_xs,f32,4096,4,14336,36,38546.25,12.19,0.448,0.2891
rpi8,MUL_MAT,iq2_xs,f32,4096,5,14336,28,47864.36,12.27,0.362,0.2891
rpi8,MUL_MAT,iq2_xs,f32,4096,8,14336,18,76290.22,12.32,0.23,0.2891
rpi8,MUL_MAT,iq2_xs,f32,4096,512,14336,1,4983285.0,12.07,0.011,0.2891
rpi8,MUL_MAT,iq2_xxs,f32,4096,1,14336,138,9039.85,12.99,1.683,0.2578
rpi8,MUL_MAT,iq2_xxs,f32,4096,2,14336,70,17657.11,13.3,0.866,0.2578
rpi8,MUL_MAT,iq2_xxs,f32,4096,3,14336,46,26412.83,13.34,0.582,0.2578
rpi8,MUL_MAT,iq2_xxs,f32,4096,4,14336,36,35599.36,13.2,0.434,0.2578
rpi8,MUL_MAT,iq2_xxs,f32,4096,5,14336,28,44236.79,13.27,0.351,0.2578
rpi8,MUL_MAT,iq2_xxs,f32,4096,8,14336,18,70783.0,13.27,0.222,0.2578
rpi8,MUL_MAT,iq2_xxs,f32,4096,512,14336,1,4948215.0,12.15,0.011,0.2578
rpi8,MUL_MAT,iq3_s,f32,4096,1,14336,69,15119.2,7.77,1.674,0.4297
rpi8,MUL_MAT,iq3_s,f32,4096,2,14336,35,29805.14,7.88,0.851,0.4297
rpi8,MUL_MAT,iq3_s,f32,4096,3,14336,23,44468.17,7.92,0.572,0.4297
rpi8,MUL_MAT,iq3_s,f32,4096,4,14336,18,59291.17,7.92,0.431,0.4297
rpi8,MUL_MAT,iq3_s,f32,4096,5,14336,14,73912.79,7.94,0.346,0.4297
rpi8,MUL_MAT,iq3_s,f32,4096,8,14336,9,118039.56,7.96,0.219,0.4297
rpi8,MUL_MAT,iq3_s,f32,4096,512,14336,1,7863308.0,7.65,0.008,0.4297
rpi8,MUL_MAT,iq3_xxs,f32,4096,1,14336,138,11770.7,9.98,1.916,0.3828
rpi8,MUL_MAT,iq3_xxs,f32,4096,2,14336,70,23311.69,10.08,0.971,0.3828
rpi8,MUL_MAT,iq3_xxs,f32,4096,3,14336,46,34854.74,10.11,0.651,0.3828
rpi8,MUL_MAT,iq3_xxs,f32,4096,4,14336,36,46855.39,10.03,0.486,0.3828
rpi8,MUL_MAT,iq3_xxs,f32,4096,5,14336,28,58423.96,10.05,0.391,0.3828
rpi8,MUL_MAT,iq3_xxs,f32,4096,8,14336,18,93436.89,10.06,0.247,0.3828
rpi8,MUL_MAT,iq3_xxs,f32,4096,512,14336,1,6225768.0,9.66,0.01,0.3828
rpi8,MUL_MAT,iq4_nl,f32,4096,1,14336,138,9157.28,12.82,3.615,0.5625
rpi8,MUL_MAT,iq4_nl,f32,4096,2,14336,70,15335.33,15.32,2.163,0.5625
rpi8,MUL_MAT,iq4_nl,f32,4096,3,14336,46,22691.0,15.53,1.465,0.5625
rpi8,MUL_MAT,iq4_nl,f32,4096,4,14336,36,30379.81,15.46,1.097,0.5625
rpi8,MUL_MAT,iq4_nl,f32,4096,5,14336,28,38054.39,15.43,0.878,0.5625
rpi8,MUL_MAT,iq4_nl,f32,4096,8,14336,18,60290.33,15.58,0.558,0.5625
rpi8,MUL_MAT,iq4_nl,f32,4096,512,14336,1,3804056.0,15.81,0.019,0.5625
rpi8,MUL_MAT,iq4_xs,f32,4096,1,14336,138,8585.51,13.68,3.642,0.5312
rpi8,MUL_MAT,iq4_xs,f32,4096,2,14336,70,14597.01,16.09,2.147,0.5312
rpi8,MUL_MAT,iq4_xs,f32,4096,3,14336,46,21770.83,16.18,1.443,0.5312
rpi8,MUL_MAT,iq4_xs,f32,4096,4,14336,36,29100.53,16.14,1.082,0.5312
rpi8,MUL_MAT,iq4_xs,f32,4096,5,14336,28,36322.79,16.17,0.869,0.5312
rpi8,MUL_MAT,iq4_xs,f32,4096,8,14336,18,57755.89,16.27,0.55,0.5312
rpi8,MUL_MAT,iq4_xs,f32,4096,512,14336,1,3826994.0,15.71,0.018,0.5312
rpi8,MUL_MAT,q2_K,f32,4096,1,14336,207,6273.69,18.72,3.083,0.3281
rpi8,MUL_MAT,q2_K,f32,4096,2,14336,105,12058.87,19.48,1.61,0.3281
rpi8,MUL_MAT,q2_K,f32,4096,3,14336,69,17930.17,19.65,1.087,0.3281
rpi8,MUL_MAT,q2_K,f32,4096,4,14336,54,24313.35,19.32,0.805,0.3281
rpi8,MUL_MAT,q2_K,f32,4096,5,14336,42,30149.0,19.48,0.651,0.3281
rpi8,MUL_MAT,q2_K,f32,4096,8,14336,27,47943.89,19.6,0.414,0.3281
rpi8,MUL_MAT,q2_K,f32,4096,512,14336,1,4059977.0,14.81,0.014,0.3281
rpi8,MUL_MAT,q3_K,f32,4096,1,14336,138,8742.62,13.43,2.894,0.4297
rpi8,MUL_MAT,q3_K,f32,4096,2,14336,70,17126.94,13.71,1.482,0.4297
rpi8,MUL_MAT,q3_K,f32,4096,3,14336,46,25440.83,13.85,1.0,0.4297
rpi8,MUL_MAT,q3_K,f32,4096,4,14336,36,34382.17,13.66,0.742,0.4297
rpi8,MUL_MAT,q3_K,f32,4096,5,14336,28,42776.68,13.73,0.598,0.4297
rpi8,MUL_MAT,q3_K,f32,4096,8,14336,18,68275.61,13.76,0.378,0.4297
rpi8,MUL_MAT,q3_K,f32,4096,512,14336,1,5575328.0,10.78,0.011,0.4297
rpi8,MUL_MAT,q4_0,f32,4096,1,14336,138,9137.78,12.85,3.623,0.5625
rpi8,MUL_MAT,q4_0,f32,4096,2,14336,105,13565.05,17.32,2.446,0.5625
rpi8,MUL_MAT,q4_0,f32,4096,3,14336,69,20036.99,17.58,1.659,0.5625
rpi8,MUL_MAT,q4_0,f32,4096,4,14336,54,27200.94,17.27,1.225,0.5625
rpi8,MUL_MAT,q4_0,f32,4096,5,14336,42,33990.98,17.28,0.983,0.5625
rpi8,MUL_MAT,q4_0,f32,4096,8,14336,27,53712.78,17.49,0.626,0.5625
rpi8,MUL_MAT,q4_0,f32,4096,512,14336,1,3929702.0,15.3,0.018,0.5625
rpi8,MUL_MAT,q4_1,f32,4096,1,14336,138,10239.68,11.47,3.591,0.625
rpi8,MUL_MAT,q4_1,f32,4096,2,14336,105,14232.73,16.5,2.589,0.625
rpi8,MUL_MAT,q4_1,f32,4096,3,14336,69,21274.64,16.56,1.735,0.625
rpi8,MUL_MAT,q4_1,f32,4096,4,14336,36,29483.14,15.93,1.255,0.625
rpi8,MUL_MAT,q4_1,f32,4096,5,14336,28,35862.61,16.37,1.034,0.625
rpi8,MUL_MAT,q4_1,f32,4096,8,14336,18,55715.67,16.86,0.669,0.625
rpi8,MUL_MAT,q4_1,f32,4096,512,14336,1,4500060.0,13.36,0.017,0.625
rpi8,MUL_MAT,q4_K,f32,4096,1,14336,138,9135.15,12.86,3.624,0.5625
rpi8,MUL_MAT,q4_K,f32,4096,2,14336,105,12710.63,18.48,2.61,0.5625
rpi8,MUL_MAT,q4_K,f32,4096,3,14336,69,19101.88,18.44,1.741,0.5625
rpi8,MUL_MAT,q4_K,f32,4096,4,14336,54,26174.94,17.95,1.273,0.5625
rpi8,MUL_MAT,q4_K,f32,4096,5,14336,42,32751.76,17.93,1.02,0.5625
rpi8,MUL_MAT,q4_K,f32,4096,8,14336,27,51417.07,18.27,0.654,0.5625
rpi8,MUL_MAT,q4_K,f32,4096,512,14336,1,3816322.0,15.76,0.019,0.5625
rpi8,MUL_MAT,q5_0,f32,4096,1,14336,138,11301.6,10.39,3.579,0.6875
rpi8,MUL_MAT,q5_0,f32,4096,2,14336,70,18010.43,13.04,2.25,0.6875
rpi8,MUL_MAT,q5_0,f32,4096,3,14336,46,26458.54,13.32,1.534,0.6875
rpi8,MUL_MAT,q5_0,f32,4096,4,14336,36,35415.56,13.26,1.148,0.6875
rpi8,MUL_MAT,q5_0,f32,4096,5,14336,28,44215.61,13.28,0.921,0.6875
rpi8,MUL_MAT,q5_0,f32,4096,8,14336,18,69137.67,13.59,0.592,0.6875
rpi8,MUL_MAT,q5_0,f32,4096,512,14336,1,5710911.0,10.53,0.014,0.6875
rpi8,MUL_MAT,q5_1,f32,4096,1,14336,138,12244.73,9.59,3.603,0.75
rpi8,MUL_MAT,q5_1,f32,4096,2,14336,70,19728.31,11.91,2.24,0.75
rpi8,MUL_MAT,q5_1,f32,4096,3,14336,46,28749.7,12.25,1.54,0.75
rpi8,MUL_MAT,q5_1,f32,4096,4,14336,36,38313.39,12.26,1.157,0.75
rpi8,MUL_MAT,q5_1,f32,4096,5,14336,28,47282.25,12.42,0.939,0.75
rpi8,MUL_MAT,q5_1,f32,4096,8,14336,18,74502.61,12.61,0.599,0.75
rpi8,MUL_MAT,q5_1,f32,4096,512,14336,1,6582290.0,9.14,0.012,0.75
rpi8,MUL_MAT,q5_K,f32,4096,1,14336,138,11249.69,10.44,3.595,0.6875
rpi8,MUL_MAT,q5_K,f32,4096,2,14336,70,16544.66,14.2,2.449,0.6875
rpi8,MUL_MAT,q5_K,f32,4096,3,14336,46,25178.13,13.99,1.612,0.6875
rpi8,MUL_MAT,q5_K,f32,4096,4,14336,36,33055.83,14.21,1.23,0.6875
rpi8,MUL_MAT,q5_K,f32,4096,5,14336,28,41372.5,14.19,0.985,0.6875
rpi8,MUL_MAT,q5_K,f32,4096,8,14336,18,64736.44,14.51,0.633,0.6875
rpi8,MUL_MAT,q5_K,f32,4096,512,14336,1,4923860.0,12.21,0.016,0.6875
rpi8,MUL_MAT,q6_K,f32,4096,1,14336,138,12837.15,9.15,3.758,0.8203
rpi8,MUL_MAT,q6_K,f32,4096,2,14336,70,18375.66,12.78,2.629,0.8203
rpi8,MUL_MAT,q6_K,f32,4096,3,14336,46,26557.0,13.27,1.822,0.8203
rpi8,MUL_MAT,q6_K,f32,4096,4,14336,36,36101.75,13.01,1.342,0.8203
rpi8,MUL_MAT,q6_K,f32,4096,5,14336,28,44190.18,13.29,1.098,0.8203
rpi8,MUL_MAT,q6_K,f32,4096,8,14336,18,69532.56,13.51,0.701,0.8203
rpi8,MUL_MAT,q6_K,f32,4096,512,14336,1,5259652.0,11.43,0.016,0.8203
rpi8,MUL_MAT,q8_0,f32,4096,1,14336,69,17050.81,6.89,3.663,1.0625
rpi8,MUL_MAT,q8_0,f32,4096,2,14336,70,23317.87,10.07,2.682,1.0625
rpi8,MUL_MAT,q8_0,f32,4096,3,14336,46,29875.98,11.79,2.096,1.0625
rpi8,MUL_MAT,q8_0,f32,4096,4,14336,36,36453.67,12.89,1.72,1.0625
rpi8,MUL_MAT,q8_0,f32,4096,5,14336,28,44024.86,13.34,1.426,1.0625
rpi8,MUL_MAT,q8_0,f32,4096,8,14336,18,64214.28,14.63,0.981,1.0625
rpi8,MUL_MAT,q8_0,f32,4096,512,14336,1,4717659.0,12.75,0.021,1.0625
rpi9,MUL_MAT,bf16,f32,4096,1,14336,69,60009.77,1.96,1.958,2.0
rpi9,MUL_MAT,bf16,f32,4096,2,14336,35,120102.23,1.96,0.979,2.0
rpi9,MUL_MAT,bf16,f32,4096,3,14336,23,180298.91,1.95,0.653,2.0
rpi9,MUL_MAT,bf16,f32,4096,4,14336,18,240485.83,1.95,0.49,2.0
rpi9,MUL_MAT,bf16,f32,4096,5,14336,14,300549.43,1.95,0.392,2.0
rpi9,MUL_MAT,bf16,f32,4096,8,14336,9,481062.22,1.95,0.245,2.0
rpi9,MUL_MAT,bf16,f32,4096,512,14336,1,42129234.0,1.43,0.004,2.0
rpi9,MUL_MAT,f16,f32,4096,1,14336,69,33593.75,3.5,3.498,2.0
rpi9,MUL_MAT,f16,f32,4096,2,14336,35,34228.83,6.86,3.435,2.0
rpi9,MUL_MAT,f16,f32,4096,3,14336,46,36000.96,9.79,3.268,2.0
rpi9,MUL_MAT,f16,f32,4096,4,14336,36,42894.78,10.95,2.745,2.0
rpi9,MUL_MAT,f16,f32,4096,5,14336,28,65783.5,8.93,1.791,2.0
rpi9,MUL_MAT,f16,f32,4096,8,14336,18,84947.11,11.06,1.389,2.0
rpi9,MUL_MAT,f16,f32,4096,512,14336,1,9002828.0,6.68,0.017,2.0
rpi9,MUL_MAT,f32,f32,4096,1,14336,69,64581.61,1.82,3.638,4.0
rpi9,MUL_MAT,f32,f32,4096,2,14336,35,127027.0,1.85,1.85,4.0
rpi9,MUL_MAT,f32,f32,4096,3,14336,23,193999.04,1.82,1.212,4.0
rpi9,MUL_MAT,f32,f32,4096,4,14336,18,83245.56,5.64,2.825,4.0
rpi9,MUL_MAT,f32,f32,4096,5,14336,14,113102.29,5.19,2.08,4.0
rpi9,MUL_MAT,f32,f32,4096,8,14336,9,182403.78,5.15,1.291,4.0
rpi9,MUL_MAT,f32,f32,4096,512,14336,1,11380939.0,5.28,0.024,4.0
rpi9,MUL_MAT,iq1_m,f32,4096,1,14336,138,13700.77,8.57,0.943,0.2188
rpi9,MUL_MAT,iq1_m,f32,4096,2,14336,70,26378.59,8.9,0.493,0.2188
rpi9,MUL_MAT,iq1_m,f32,4096,3,14336,46,39238.48,8.98,0.333,0.2188
rpi9,MUL_MAT,iq1_m,f32,4096,4,14336,36,52414.19,8.96,0.251,0.2188
rpi9,MUL_MAT,iq1_m,f32,4096,5,14336,28,65366.75,8.98,0.202,0.2188
rpi9,MUL_MAT,iq1_m,f32,4096,8,14336,18,104307.83,9.01,0.129,0.2188
rpi9,MUL_MAT,iq1_m,f32,4096,512,14336,1,7670820.0,7.84,0.007,0.2188
rpi9,MUL_MAT,iq1_s,f32,4096,1,14336,138,9313.12,12.61,1.239,0.1953
rpi9,MUL_MAT,iq1_s,f32,4096,2,14336,70,17499.29,13.42,0.664,0.1953
rpi9,MUL_MAT,iq1_s,f32,4096,3,14336,46,25968.37,13.57,0.45,0.1953
rpi9,MUL_MAT,iq1_s,f32,4096,4,14336,36,34773.28,13.51,0.338,0.1953
rpi9,MUL_MAT,iq1_s,f32,4096,5,14336,28,43256.93,13.57,0.274,0.1953
rpi9,MUL_MAT,iq1_s,f32,4096,8,14336,18,69064.78,13.6,0.175,0.1953
rpi9,MUL_MAT,iq1_s,f32,4096,512,14336,1,5510996.0,10.91,0.009,0.1953
rpi9,MUL_MAT,iq2_s,f32,4096,1,14336,138,11894.22,9.87,1.588,0.3203
rpi9,MUL_MAT,iq2_s,f32,4096,2,14336,70,22691.21,10.35,0.835,0.3203
rpi9,MUL_MAT,iq2_s,f32,4096,3,14336,46,33865.52,10.4,0.562,0.3203
rpi9,MUL_MAT,iq2_s,f32,4096,4,14336,36,45341.61,10.36,0.421,0.3203
rpi9,MUL_MAT,iq2_s,f32,4096,5,14336,28,56510.61,10.39,0.339,0.3203
rpi9,MUL_MAT,iq2_s,f32,4096,8,14336,18,90087.33,10.43,0.215,0.3203
rpi9,MUL_MAT,iq2_s,f32,4096,512,14336,1,7244587.0,8.3,0.008,0.3203
rpi9,MUL_MAT,iq2_xs,f32,4096,1,14336,138,11031.49,10.65,1.545,0.2891
rpi9,MUL_MAT,iq2_xs,f32,4096,2,14336,70,20270.59,11.59,0.845,0.2891
rpi9,MUL_MAT,iq2_xs,f32,4096,3,14336,46,30025.41,11.73,0.573,0.2891
rpi9,MUL_MAT,iq2_xs,f32,4096,4,14336,36,39695.25,11.83,0.435,0.2891
rpi9,MUL_MAT,iq2_xs,f32,4096,5,14336,28,49300.93,11.91,0.352,0.2891
rpi9,MUL_MAT,iq2_xs,f32,4096,8,14336,18,78401.67,11.98,0.224,0.2891
rpi9,MUL_MAT,iq2_xs,f32,4096,512,14336,1,5550478.0,10.83,0.01,0.2891
rpi9,MUL_MAT,iq2_xxs,f32,4096,1,14336,138,8997.83,13.05,1.691,0.2578
rpi9,MUL_MAT,iq2_xxs,f32,4096,2,14336,70,17632.4,13.32,0.867,0.2578
rpi9,MUL_MAT,iq2_xxs,f32,4096,3,14336,46,26370.76,13.36,0.582,0.2578
rpi9,MUL_MAT,iq2_xxs,f32,4096,4,14336,36,35121.69,13.38,0.439,0.2578
rpi9,MUL_MAT,iq2_xxs,f32,4096,5,14336,28,43846.29,13.39,0.354,0.2578
rpi9,MUL_MAT,iq2_xxs,f32,4096,8,14336,18,70113.56,13.4,0.224,0.2578
rpi9,MUL_MAT,iq2_xxs,f32,4096,512,14336,1,5568560.0,10.8,0.009,0.2578
rpi9,MUL_MAT,iq3_s,f32,4096,1,14336,69,15165.75,7.74,1.669,0.4297
rpi9,MUL_MAT,iq3_s,f32,4096,2,14336,35,29859.66,7.87,0.85,0.4297
rpi9,MUL_MAT,iq3_s,f32,4096,3,14336,23,44579.52,7.9,0.571,0.4297
rpi9,MUL_MAT,iq3_s,f32,4096,4,14336,18,59313.17,7.92,0.43,0.4297
rpi9,MUL_MAT,iq3_s,f32,4096,5,14336,14,73976.5,7.94,0.346,0.4297
rpi9,MUL_MAT,iq3_s,f32,4096,8,14336,9,118009.11,7.96,0.219,0.4297
rpi9,MUL_MAT,iq3_s,f32,4096,512,14336,1,8687422.0,6.92,0.007,0.4297
rpi9,MUL_MAT,iq3_xxs,f32,4096,1,14336,138,11784.29,9.97,1.914,0.3828
rpi9,MUL_MAT,iq3_xxs,f32,4096,2,14336,70,23172.03,10.14,0.976,0.3828
rpi9,MUL_MAT,iq3_xxs,f32,4096,3,14336,46,34697.65,10.15,0.654,0.3828
rpi9,MUL_MAT,iq3_xxs,f32,4096,4,14336,36,46325.67,10.14,0.492,0.3828
rpi9,MUL_MAT,iq3_xxs,f32,4096,5,14336,28,57927.79,10.14,0.394,0.3828
rpi9,MUL_MAT,iq3_xxs,f32,4096,8,14336,18,92827.17,10.12,0.249,0.3828
rpi9,MUL_MAT,iq3_xxs,f32,4096,512,14336,1,6792718.0,8.85,0.009,0.3828
rpi9,MUL_MAT,iq4_nl,f32,4096,1,14336,138,9183.07,12.79,3.605,0.5625
rpi9,MUL_MAT,iq4_nl,f32,4096,2,14336,70,15049.96,15.61,2.204,0.5625
rpi9,MUL_MAT,iq4_nl,f32,4096,3,14336,46,22763.96,15.48,1.461,0.5625
rpi9,MUL_MAT,iq4_nl,f32,4096,4,14336,36,30180.75,15.56,1.104,0.5625
rpi9,MUL_MAT,iq4_nl,f32,4096,5,14336,28,37722.68,15.57,0.885,0.5625
rpi9,MUL_MAT,iq4_nl,f32,4096,8,14336,18,60200.33,15.61,0.558,0.5625
rpi9,MUL_MAT,iq4_nl,f32,4096,512,14336,1,4070562.0,14.77,0.017,0.5625
rpi9,MUL_MAT,iq4_xs,f32,4096,1,14336,138,8567.01,13.71,3.65,0.5312
rpi9,MUL_MAT,iq4_xs,f32,4096,2,14336,105,14317.38,16.41,2.189,0.5312
rpi9,MUL_MAT,iq4_xs,f32,4096,3,14336,69,21623.71,16.29,1.453,0.5312
rpi9,MUL_MAT,iq4_xs,f32,4096,4,14336,36,28993.92,16.2,1.086,0.5312
rpi9,MUL_MAT,iq4_xs,f32,4096,5,14336,28,35967.75,16.33,0.878,0.5312
rpi9,MUL_MAT,iq4_xs,f32,4096,8,14336,18,57111.61,16.45,0.557,0.5312
rpi9,MUL_MAT,iq4_xs,f32,4096,512,14336,1,4413159.0,13.63,0.016,0.5312
rpi9,MUL_MAT,q2_K,f32,4096,1,14336,207,6282.38,18.69,3.079,0.3281
rpi9,MUL_MAT,q2_K,f32,4096,2,14336,105,11920.2,19.7,1.629,0.3281
rpi9,MUL_MAT,q2_K,f32,4096,3,14336,69,17911.54,19.67,1.088,0.3281
rpi9,MUL_MAT,q2_K,f32,4096,4,14336,54,23868.3,19.68,0.82,0.3281
rpi9,MUL_MAT,q2_K,f32,4096,5,14336,42,29748.48,19.74,0.66,0.3281
rpi9,MUL_MAT,q2_K,f32,4096,8,14336,27,47454.26,19.8,0.418,0.3281
rpi9,MUL_MAT,q2_K,f32,4096,512,14336,1,4631843.0,12.98,0.012,0.3281
rpi9,MUL_MAT,q3_K,f32,4096,1,14336,138,8772.5,13.39,2.885,0.4297
rpi9,MUL_MAT,q3_K,f32,4096,2,14336,70,16903.46,13.9,1.501,0.4297
rpi9,MUL_MAT,q3_K,f32,4096,3,14336,46,25510.48,13.81,0.998,0.4297
rpi9,MUL_MAT,q3_K,f32,4096,4,14336,36,33994.5,13.82,0.751,0.4297
rpi9,MUL_MAT,q3_K,f32,4096,5,14336,28,42356.54,13.86,0.604,0.4297
rpi9,MUL_MAT,q3_K,f32,4096,8,14336,18,67614.56,13.9,0.382,0.4297
rpi9,MUL_MAT,q3_K,f32,4096,512,14336,1,6216847.0,9.67,0.01,0.4297
rpi9,MUL_MAT,q4_0,f32,4096,1,14336,138,9224.54,12.73,3.589,0.5625
rpi9,MUL_MAT,q4_0,f32,4096,2,14336,105,13173.54,17.83,2.519,0.5625
rpi9,MUL_MAT,q4_0,f32,4096,3,14336,69,20015.88,17.6,1.661,0.5625
rpi9,MUL_MAT,q4_0,f32,4096,4,14336,54,27027.19,17.38,1.233,0.5625
rpi9,MUL_MAT,q4_0,f32,4096,5,14336,42,33691.64,17.43,0.991,0.5625
rpi9,MUL_MAT,q4_0,f32,4096,8,14336,27,53472.37,17.57,0.629,0.5625
rpi9,MUL_MAT,q4_0,f32,4096,512,14336,1,4572692.0,13.15,0.015,0.5625
rpi9,MUL_MAT,q4_1,f32,4096,1,14336,138,10207.04,11.51,3.603,0.625
rpi9,MUL_MAT,q4_1,f32,4096,2,14336,105,14162.32,16.58,2.602,0.625
rpi9,MUL_MAT,q4_1,f32,4096,3,14336,46,21748.22,16.2,1.698,0.625
rpi9,MUL_MAT,q4_1,f32,4096,4,14336,36,28739.42,16.35,1.287,0.625
rpi9,MUL_MAT,q4_1,f32,4096,5,14336,28,35820.39,16.39,1.035,0.625
rpi9,MUL_MAT,q4_1,f32,4096,8,14336,27,55688.04,16.87,0.67,0.625
rpi9,MUL_MAT,q4_1,f32,4096,512,14336,1,4962623.0,12.12,0.015,0.625
rpi9,MUL_MAT,q4_K,f32,4096,1,14336,138,9151.16,12.83,3.617,0.5625
rpi9,MUL_MAT,q4_K,f32,4096,2,14336,105,12598.22,18.64,2.634,0.5625
rpi9,MUL_MAT,q4_K,f32,4096,3,14336,69,20023.55,17.6,1.661,0.5625
rpi9,MUL_MAT,q4_K,f32,4096,4,14336,54,26340.43,17.83,1.265,0.5625
rpi9,MUL_MAT,q4_K,f32,4096,5,14336,42,32911.76,17.84,1.015,0.5625
rpi9,MUL_MAT,q4_K,f32,4096,8,14336,27,51223.41,18.34,0.656,0.5625
rpi9,MUL_MAT,q4_K,f32,4096,512,14336,1,4580647.0,13.13,0.015,0.5625
rpi9,MUL_MAT,q5_0,f32,4096,1,14336,138,11298.09,10.39,3.58,0.6875
rpi9,MUL_MAT,q5_0,f32,4096,2,14336,70,17790.24,13.2,2.278,0.6875
rpi9,MUL_MAT,q5_0,f32,4096,3,14336,46,26810.5,13.14,1.514,0.6875
rpi9,MUL_MAT,q5_0,f32,4096,4,14336,36,35273.97,13.32,1.153,0.6875
rpi9,MUL_MAT,q5_0,f32,4096,5,14336,28,43972.29,13.35,0.926,0.6875
rpi9,MUL_MAT,q5_0,f32,4096,8,14336,18,71087.72,13.22,0.576,0.6875
rpi9,MUL_MAT,q5_0,f32,4096,512,14336,1,6446478.0,9.33,0.012,0.6875
rpi9,MUL_MAT,q5_1,f32,4096,1,14336,138,12235.72,9.6,3.605,0.75
rpi9,MUL_MAT,q5_1,f32,4096,2,14336,70,18898.73,12.43,2.338,0.75
rpi9,MUL_MAT,q5_1,f32,4096,3,14336,46,28463.07,12.38,1.555,0.75
rpi9,MUL_MAT,q5_1,f32,4096,4,14336,36,37734.22,12.45,1.175,0.75
rpi9,MUL_MAT,q5_1,f32,4096,5,14336,28,47328.54,12.41,0.938,0.75
rpi9,MUL_MAT,q5_1,f32,4096,8,14336,18,76554.11,12.27,0.583,0.75
rpi9,MUL_MAT,q5_1,f32,4096,512,14336,1,7060285.0,8.52,0.012,0.75
rpi9,MUL_MAT,q5_K,f32,4096,1,14336,138,11299.17,10.39,3.579,0.6875
rpi9,MUL_MAT,q5_K,f32,4096,2,14336,70,16336.81,14.38,2.48,0.6875
rpi9,MUL_MAT,q5_K,f32,4096,3,14336,46,24919.85,14.14,1.629,0.6875
rpi9,MUL_MAT,q5_K,f32,4096,4,14336,36,32703.03,14.36,1.243,0.6875
rpi9,MUL_MAT,q5_K,f32,4096,5,14336,28,40887.29,14.36,0.996,0.6875
rpi9,MUL_MAT,q5_K,f32,4096,8,14336,18,63804.11,14.73,0.642,0.6875
rpi9,MUL_MAT,q5_K,f32,4096,512,14336,1,5717210.0,10.52,0.014,0.6875
rpi9,MUL_MAT,q6_K,f32,4096,1,14336,138,12903.29,9.1,3.739,0.8203
rpi9,MUL_MAT,q6_K,f32,4096,2,14336,70,18540.97,12.67,2.606,0.8203
rpi9,MUL_MAT,q6_K,f32,4096,3,14336,46,28939.61,12.17,1.672,0.8203
rpi9,MUL_MAT,q6_K,f32,4096,4,14336,36,37089.75,12.67,1.307,0.8203
rpi9,MUL_MAT,q6_K,f32,4096,5,14336,28,45150.39,13.01,1.075,0.8203
rpi9,MUL_MAT,q6_K,f32,4096,8,14336,18,70053.44,13.41,0.696,0.8203
rpi9,MUL_MAT,q6_K,f32,4096,512,14336,1,5980030.0,10.06,0.014,0.8203
rpi9,MUL_MAT,q8_0,f32,4096,1,14336,69,16956.67,6.93,3.684,1.0625
rpi9,MUL_MAT,q8_0,f32,4096,2,14336,70,22938.6,10.24,2.726,1.0625
rpi9,MUL_MAT,q8_0,f32,4096,3,14336,46,29588.85,11.91,2.116,1.0625
rpi9,MUL_MAT,q8_0,f32,4096,4,14336,36,36159.56,12.99,1.734,1.0625
rpi9,MUL_MAT,q8_0,f32,4096,5,14336,28,43944.64,13.36,1.428,1.0625
rpi9,MUL_MAT,q8_0,f32,4096,8,14336,18,65582.28,14.33,0.96,1.0625
rpi9,MUL_MAT,q8_0,f32,4096,512,14336,1,5125361.0,11.73,0.02,1.0625
rpi13,MUL_MAT,bf16,f32,4096,1,14336,69,59948.94,1.96,1.96,2.0
rpi13,MUL_MAT,bf16,f32,4096,2,14336,35,120044.83,1.96,0.98,2.0
rpi13,MUL_MAT,bf16,f32,4096,3,14336,23,180554.74,1.95,0.652,2.0
rpi13,MUL_MAT,bf16,f32,4096,4,14336,18,242786.11,1.93,0.485,2.0
rpi13,MUL_MAT,bf16,f32,4096,5,14336,14,310846.43,1.89,0.379,2.0
rpi13,MUL_MAT,bf16,f32,4096,8,14336,9,501825.44,1.87,0.235,2.0
rpi13,MUL_MAT,bf16,f32,4096,512,14336,1,47223239.0,1.27,0.003,2.0
rpi13,MUL_MAT,f16,f32,4096,1,14336,69,33638.06,3.49,3.493,2.0
rpi13,MUL_MAT,f16,f32,4096,2,14336,35,34383.0,6.83,3.42,2.0
rpi13,MUL_MAT,f16,f32,4096,3,14336,46,35393.11,9.95,3.324,2.0
rpi13,MUL_MAT,f16,f32,4096,4,14336,36,43422.58,10.82,2.711,2.0
rpi13,MUL_MAT,f16,f32,4096,5,14336,28,61955.68,9.48,1.902,2.0
rpi13,MUL_MAT,f16,f32,4096,8,14336,18,85929.83,10.93,1.374,2.0
rpi13,MUL_MAT,f16,f32,4096,512,14336,1,9700014.0,6.2,0.016,2.0
rpi13,MUL_MAT,f32,f32,4096,1,14336,69,64731.38,1.81,3.63,4.0
rpi13,MUL_MAT,f32,f32,4096,2,14336,35,127367.14,1.84,1.845,4.0
rpi13,MUL_MAT,f32,f32,4096,3,14336,23,195064.04,1.81,1.205,4.0
rpi13,MUL_MAT,f32,f32,4096,4,14336,18,84760.94,5.54,2.775,4.0
rpi13,MUL_MAT,f32,f32,4096,5,14336,14,118506.0,4.96,1.985,4.0
rpi13,MUL_MAT,f32,f32,4096,8,14336,9,174400.11,5.39,1.35,4.0
rpi13,MUL_MAT,f32,f32,4096,512,14336,1,11056910.0,5.44,0.025,4.0
rpi13,MUL_MAT,iq1_m,f32,4096,1,14336,138,13716.72,8.56,0.942,0.2188
rpi13,MUL_MAT,iq1_m,f32,4096,2,14336,70,26699.7,8.8,0.487,0.2188
rpi13,MUL_MAT,iq1_m,f32,4096,3,14336,46,39538.0,8.91,0.33,0.2188
rpi13,MUL_MAT,iq1_m,f32,4096,4,14336,36,52844.47,8.89,0.249,0.2188
rpi13,MUL_MAT,iq1_m,f32,4096,5,14336,28,65747.04,8.93,0.201,0.2188
rpi13,MUL_MAT,iq1_m,f32,4096,8,14336,18,105050.72,8.94,0.128,0.2188
rpi13,MUL_MAT,iq1_m,f32,4096,512,14336,1,8714460.0,6.9,0.006,0.2188
rpi13,MUL_MAT,iq1_s,f32,4096,1,14336,138,9323.34,12.6,1.238,0.1953
rpi13,MUL_MAT,iq1_s,f32,4096,2,14336,70,17727.14,13.25,0.655,0.1953
rpi13,MUL_MAT,iq1_s,f32,4096,3,14336,46,26166.24,13.46,0.447,0.1953
rpi13,MUL_MAT,iq1_s,f32,4096,4,14336,36,35478.75,13.24,0.332,0.1953
rpi13,MUL_MAT,iq1_s,f32,4096,5,14336,28,44041.25,13.33,0.269,0.1953
rpi13,MUL_MAT,iq1_s,f32,4096,8,14336,18,70335.33,13.36,0.171,0.1953
rpi13,MUL_MAT,iq1_s,f32,4096,512,14336,1,6089692.0,9.87,0.008,0.1953
rpi13,MUL_MAT,iq2_s,f32,4096,1,14336,138,11933.54,9.84,1.582,0.3203
rpi13,MUL_MAT,iq2_s,f32,4096,2,14336,70,23244.71,10.1,0.816,0.3203
rpi13,MUL_MAT,iq2_s,f32,4096,3,14336,46,34392.72,10.24,0.553,0.3203
rpi13,MUL_MAT,iq2_s,f32,4096,4,14336,36,45741.81,10.27,0.418,0.3203
rpi13,MUL_MAT,iq2_s,f32,4096,5,14336,28,57017.71,10.3,0.336,0.3203
rpi13,MUL_MAT,iq2_s,f32,4096,8,14336,18,90926.89,10.33,0.213,0.3203
rpi13,MUL_MAT,iq2_s,f32,4096,512,14336,1,8119885.0,7.41,0.007,0.3203
rpi13,MUL_MAT,iq2_xs,f32,4096,1,14336,138,9815.63,11.96,1.737,0.2891
rpi13,MUL_MAT,iq2_xs,f32,4096,2,14336,70,19223.61,12.22,0.891,0.2891
rpi13,MUL_MAT,iq2_xs,f32,4096,3,14336,46,28620.61,12.31,0.601,0.2891
rpi13,MUL_MAT,iq2_xs,f32,4096,4,14336,36,38211.61,12.29,0.452,0.2891
rpi13,MUL_MAT,iq2_xs,f32,4096,5,14336,28,47570.86,12.34,0.365,0.2891
rpi13,MUL_MAT,iq2_xs,f32,4096,8,14336,18,76251.22,12.32,0.23,0.2891
rpi13,MUL_MAT,iq2_xs,f32,4096,512,14336,1,6062433.0,9.92,0.009,0.2891
rpi13,MUL_MAT,iq2_xxs,f32,4096,1,14336,138,8994.7,13.06,1.691,0.2578
rpi13,MUL_MAT,iq2_xxs,f32,4096,2,14336,70,17665.74,13.3,0.865,0.2578
rpi13,MUL_MAT,iq2_xxs,f32,4096,3,14336,46,26363.89,13.36,0.583,0.2578
rpi13,MUL_MAT,iq2_xxs,f32,4096,4,14336,36,35455.08,13.25,0.435,0.2578
rpi13,MUL_MAT,iq2_xxs,f32,4096,5,14336,28,44217.71,13.28,0.351,0.2578
rpi13,MUL_MAT,iq2_xxs,f32,4096,8,14336,18,71046.28,13.22,0.221,0.2578
rpi13,MUL_MAT,iq2_xxs,f32,4096,512,14336,1,6250041.0,9.62,0.008,0.2578
rpi13,MUL_MAT,iq3_s,f32,4096,1,14336,69,15185.01,7.73,1.666,0.4297
rpi13,MUL_MAT,iq3_s,f32,4096,2,14336,35,29924.17,7.85,0.848,0.4297
rpi13,MUL_MAT,iq3_s,f32,4096,3,14336,23,44538.39,7.91,0.571,0.4297
rpi13,MUL_MAT,iq3_s,f32,4096,4,14336,18,59471.17,7.9,0.429,0.4297
rpi13,MUL_MAT,iq3_s,f32,4096,5,14336,14,74071.64,7.93,0.346,0.4297
rpi13,MUL_MAT,iq3_s,f32,4096,8,14336,9,118198.89,7.95,0.218,0.4297
rpi13,MUL_MAT,iq3_s,f32,4096,512,14336,1,9712891.0,6.19,0.006,0.4297
rpi13,MUL_MAT,iq3_xxs,f32,4096,1,14336,138,11778.24,9.97,1.915,0.3828
rpi13,MUL_MAT,iq3_xxs,f32,4096,2,14336,70,23322.56,10.07,0.97,0.3828
rpi13,MUL_MAT,iq3_xxs,f32,4096,3,14336,46,34851.59,10.11,0.651,0.3828
rpi13,MUL_MAT,iq3_xxs,f32,4096,4,14336,36,46829.11,10.03,0.486,0.3828
rpi13,MUL_MAT,iq3_xxs,f32,4096,5,14336,28,58373.32,10.06,0.391,0.3828
rpi13,MUL_MAT,iq3_xxs,f32,4096,8,14336,18,93419.89,10.06,0.247,0.3828
rpi13,MUL_MAT,iq3_xxs,f32,4096,512,14336,1,7646822.0,7.86,0.008,0.3828
rpi13,MUL_MAT,iq4_nl,f32,4096,1,14336,138,9362.33,12.54,3.536,0.5625
rpi13,MUL_MAT,iq4_nl,f32,4096,2,14336,70,15586.36,15.07,2.129,0.5625
rpi13,MUL_MAT,iq4_nl,f32,4096,3,14336,46,22966.98,15.34,1.448,0.5625
rpi13,MUL_MAT,iq4_nl,f32,4096,4,14336,36,30373.42,15.47,1.097,0.5625
rpi13,MUL_MAT,iq4_nl,f32,4096,5,14336,28,37833.21,15.52,0.883,0.5625
rpi13,MUL_MAT,iq4_nl,f32,4096,8,14336,18,60277.83,15.59,0.558,0.5625
rpi13,MUL_MAT,iq4_nl,f32,4096,512,14336,1,4378522.0,13.73,0.016,0.5625
rpi13,MUL_MAT,iq4_xs,f32,4096,1,14336,138,8576.28,13.69,3.646,0.5312
rpi13,MUL_MAT,iq4_xs,f32,4096,2,14336,70,14849.5,15.82,2.111,0.5312
rpi13,MUL_MAT,iq4_xs,f32,4096,3,14336,46,22168.04,15.89,1.417,0.5312
rpi13,MUL_MAT,iq4_xs,f32,4096,4,14336,36,29094.64,16.15,1.082,0.5312
rpi13,MUL_MAT,iq4_xs,f32,4096,5,14336,28,36190.64,16.23,0.872,0.5312
rpi13,MUL_MAT,iq4_xs,f32,4096,8,14336,18,57655.28,16.3,0.551,0.5312
rpi13,MUL_MAT,iq4_xs,f32,4096,512,14336,1,4883958.0,12.31,0.014,0.5312
rpi13,MUL_MAT,q2_K,f32,4096,1,14336,207,6285.41,18.68,3.077,0.3281
rpi13,MUL_MAT,q2_K,f32,4096,2,14336,105,12101.65,19.41,1.604,0.3281
rpi13,MUL_MAT,q2_K,f32,4096,3,14336,69,18083.25,19.48,1.078,0.3281
rpi13,MUL_MAT,q2_K,f32,4096,4,14336,54,24384.87,19.26,0.802,0.3281
rpi13,MUL_MAT,q2_K,f32,4096,5,14336,42,30350.81,19.35,0.647,0.3281
rpi13,MUL_MAT,q2_K,f32,4096,8,14336,27,48442.22,19.39,0.41,0.3281
rpi13,MUL_MAT,q2_K,f32,4096,512,14336,1,4823528.0,12.47,0.012,0.3281
rpi13,MUL_MAT,q3_K,f32,4096,1,14336,138,8678.09,13.53,2.916,0.4297
rpi13,MUL_MAT,q3_K,f32,4096,2,14336,70,17146.64,13.7,1.48,0.4297
rpi13,MUL_MAT,q3_K,f32,4096,3,14336,46,25664.3,13.73,0.992,0.4297
rpi13,MUL_MAT,q3_K,f32,4096,4,14336,36,34413.94,13.65,0.742,0.4297
rpi13,MUL_MAT,q3_K,f32,4096,5,14336,28,43417.64,13.52,0.59,0.4297
rpi13,MUL_MAT,q3_K,f32,4096,8,14336,18,69890.39,13.44,0.369,0.4297
rpi13,MUL_MAT,q3_K,f32,4096,512,14336,1,6692259.0,8.98,0.009,0.4297
rpi13,MUL_MAT,q4_0,f32,4096,1,14336,138,9295.88,12.63,3.561,0.5625
rpi13,MUL_MAT,q4_0,f32,4096,2,14336,105,13797.94,17.02,2.405,0.5625
rpi13,MUL_MAT,q4_0,f32,4096,3,14336,69,20844.97,16.9,1.595,0.5625
rpi13,MUL_MAT,q4_0,f32,4096,4,14336,36,28401.0,16.54,1.173,0.5625
rpi13,MUL_MAT,q4_0,f32,4096,5,14336,28,36121.0,16.26,0.925,0.5625
rpi13,MUL_MAT,q4_0,f32,4096,8,14336,18,57547.72,16.33,0.584,0.5625
rpi13,MUL_MAT,q4_0,f32,4096,512,14336,1,5057643.0,11.89,0.014,0.5625
rpi13,MUL_MAT,q4_1,f32,4096,1,14336,138,10298.91,11.4,3.571,0.625
rpi13,MUL_MAT,q4_1,f32,4096,2,14336,70,14381.3,16.33,2.562,0.625
rpi13,MUL_MAT,q4_1,f32,4096,3,14336,46,21782.96,16.17,1.695,0.625
rpi13,MUL_MAT,q4_1,f32,4096,4,14336,36,30260.67,15.52,1.223,0.625
rpi13,MUL_MAT,q4_1,f32,4096,5,14336,28,37745.57,15.56,0.982,0.625
rpi13,MUL_MAT,q4_1,f32,4096,8,14336,18,60011.44,15.66,0.621,0.625
rpi13,MUL_MAT,q4_1,f32,4096,512,14336,1,5462363.0,11.01,0.014,0.625
rpi13,MUL_MAT,q4_K,f32,4096,1,14336,138,9086.12,12.93,3.643,0.5625
rpi13,MUL_MAT,q4_K,f32,4096,2,14336,105,13137.2,17.88,2.525,0.5625
rpi13,MUL_MAT,q4_K,f32,4096,3,14336,69,20107.96,17.52,1.654,0.5625
rpi13,MUL_MAT,q4_K,f32,4096,4,14336,54,26719.54,17.58,1.247,0.5625
rpi13,MUL_MAT,q4_K,f32,4096,5,14336,42,33376.24,17.59,1.001,0.5625
rpi13,MUL_MAT,q4_K,f32,4096,8,14336,27,52657.7,17.84,0.638,0.5625
rpi13,MUL_MAT,q4_K,f32,4096,512,14336,1,5021855.0,11.97,0.014,0.5625
rpi13,MUL_MAT,q5_0,f32,4096,1,14336,138,11235.69,10.45,3.6,0.6875
rpi13,MUL_MAT,q5_0,f32,4096,2,14336,70,18601.56,12.63,2.178,0.6875
rpi13,MUL_MAT,q5_0,f32,4096,3,14336,46,27542.52,12.79,1.474,0.6875
rpi13,MUL_MAT,q5_0,f32,4096,4,14336,36,36694.36,12.8,1.108,0.6875
rpi13,MUL_MAT,q5_0,f32,4096,5,14336,28,46713.29,12.57,0.872,0.6875
rpi13,MUL_MAT,q5_0,f32,4096,8,14336,18,77061.94,12.19,0.532,0.6875
rpi13,MUL_MAT,q5_0,f32,4096,512,14336,1,7067946.0,8.51,0.011,0.6875
rpi13,MUL_MAT,q5_1,f32,4096,1,14336,138,12306.22,9.54,3.585,0.75
rpi13,MUL_MAT,q5_1,f32,4096,2,14336,70,19812.37,11.86,2.23,0.75
rpi13,MUL_MAT,q5_1,f32,4096,3,14336,46,29528.41,11.93,1.499,0.75
rpi13,MUL_MAT,q5_1,f32,4096,4,14336,36,40797.58,11.51,1.087,0.75
rpi13,MUL_MAT,q5_1,f32,4096,5,14336,28,51749.5,11.35,0.858,0.75
rpi13,MUL_MAT,q5_1,f32,4096,8,14336,18,76987.39,12.2,0.58,0.75
rpi13,MUL_MAT,q5_1,f32,4096,512,14336,1,7541775.0,7.97,0.011,0.75
rpi13,MUL_MAT,q5_K,f32,4096,1,14336,138,11226.17,10.46,3.603,0.6875
rpi13,MUL_MAT,q5_K,f32,4096,2,14336,70,16914.94,13.89,2.395,0.6875
rpi13,MUL_MAT,q5_K,f32,4096,3,14336,46,25584.57,13.77,1.587,0.6875
rpi13,MUL_MAT,q5_K,f32,4096,4,14336,36,33222.5,14.14,1.224,0.6875
rpi13,MUL_MAT,q5_K,f32,4096,5,14336,28,41610.71,14.11,0.979,0.6875
rpi13,MUL_MAT,q5_K,f32,4096,8,14336,18,64745.72,14.51,0.633,0.6875
rpi13,MUL_MAT,q5_K,f32,4096,512,14336,1,6179340.0,9.73,0.013,0.6875
rpi13,MUL_MAT,q6_K,f32,4096,1,14336,138,12810.39,9.17,3.766,0.8203
rpi13,MUL_MAT,q6_K,f32,4096,2,14336,70,18923.63,12.41,2.553,0.8203
rpi13,MUL_MAT,q6_K,f32,4096,3,14336,46,28895.35,12.19,1.675,0.8203
rpi13,MUL_MAT,q6_K,f32,4096,4,14336,36,37549.81,12.51,1.291,0.8203
rpi13,MUL_MAT,q6_K,f32,4096,5,14336,28,46011.75,12.76,1.055,0.8203
rpi13,MUL_MAT,q6_K,f32,4096,8,14336,18,71923.67,13.06,0.678,0.8203
rpi13,MUL_MAT,q6_K,f32,4096,512,14336,1,6577257.0,9.14,0.013,0.8203
rpi13,MUL_MAT,q8_0,f32,4096,1,14336,69,16985.16,6.91,3.678,1.0625
rpi13,MUL_MAT,q8_0,f32,4096,2,14336,70,24291.64,9.67,2.574,1.0625
rpi13,MUL_MAT,q8_0,f32,4096,3,14336,46,30072.76,11.72,2.082,1.0625
rpi13,MUL_MAT,q8_0,f32,4096,4,14336,36,38470.5,12.21,1.629,1.0625
rpi13,MUL_MAT,q8_0,f32,4096,5,14336,28,46473.36,12.64,1.35,1.0625
rpi13,MUL_MAT,q8_0,f32,4096,8,14336,18,66922.39,14.04,0.941,1.0625
rpi13,MUL_MAT,q8_0,f32,4096,512,14336,1,5551967.0,10.83,0.018,1.0625
rpi15,MUL_MAT,bf16,f32,4096,1,14336,69,59915.8,1.96,1.961,2.0
rpi15,MUL_MAT,bf16,f32,4096,2,14336,35,120030.2,1.96,0.98,2.0
rpi15,MUL_MAT,bf16,f32,4096,3,14336,23,180433.48,1.95,0.652,2.0
rpi15,MUL_MAT,bf16,f32,4096,4,14336,18,240626.72,1.95,0.489,2.0
rpi15,MUL_MAT,bf16,f32,4096,5,14336,14,301136.93,1.95,0.391,2.0
rpi15,MUL_MAT,bf16,f32,4096,8,14336,9,481398.89,1.95,0.245,2.0
rpi15,MUL_MAT,bf16,f32,4096,512,14336,1,42940228.0,1.4,0.004,2.0
rpi15,MUL_MAT,f16,f32,4096,1,14336,69,33806.12,3.47,3.476,2.0
rpi15,MUL_MAT,f16,f32,4096,2,14336,35,34223.46,6.86,3.436,2.0
rpi15,MUL_MAT,f16,f32,4096,3,14336,46,35492.61,9.93,3.315,2.0
rpi15,MUL_MAT,f16,f32,4096,4,14336,36,43121.44,10.89,2.73,2.0
rpi15,MUL_MAT,f16,f32,4096,5,14336,28,65747.61,8.93,1.792,2.0
rpi15,MUL_MAT,f16,f32,4096,8,14336,18,91834.78,10.23,1.285,2.0
rpi15,MUL_MAT,f16,f32,4096,512,14336,1,9197391.0,6.54,0.017,2.0
rpi15,MUL_MAT,f32,f32,4096,1,14336,69,64300.59,1.83,3.654,4.0
rpi15,MUL_MAT,f32,f32,4096,2,14336,35,127811.34,1.84,1.839,4.0
rpi15,MUL_MAT,f32,f32,4096,3,14336,23,192782.04,1.83,1.22,4.0
rpi15,MUL_MAT,f32,f32,4096,4,14336,18,79633.94,5.9,2.953,4.0
rpi15,MUL_MAT,f32,f32,4096,5,14336,14,117015.79,5.02,2.01,4.0
rpi15,MUL_MAT,f32,f32,4096,8,14336,9,176055.67,5.34,1.337,4.0
rpi15,MUL_MAT,f32,f32,4096,512,14336,1,11359375.0,5.29,0.024,4.0
rpi15,MUL_MAT,iq1_m,f32,4096,1,14336,69,15768.35,7.45,0.819,0.2188
rpi15,MUL_MAT,iq1_m,f32,4096,2,14336,35,30864.77,7.61,0.421,0.2188
rpi15,MUL_MAT,iq1_m,f32,4096,3,14336,23,45250.39,7.79,0.289,0.2188
rpi15,MUL_MAT,iq1_m,f32,4096,4,14336,18,60228.17,7.8,0.218,0.2188
rpi15,MUL_MAT,iq1_m,f32,4096,5,14336,14,74567.93,7.87,0.177,0.2188
rpi15,MUL_MAT,iq1_m,f32,4096,8,14336,9,118401.22,7.94,0.113,0.2188
rpi15,MUL_MAT,iq1_m,f32,4096,512,14336,1,8416380.0,7.14,0.006,0.2188
rpi15,MUL_MAT,iq1_s,f32,4096,1,14336,138,12024.3,9.77,0.96,0.1953
rpi15,MUL_MAT,iq1_s,f32,4096,2,14336,70,23596.66,9.95,0.492,0.1953
rpi15,MUL_MAT,iq1_s,f32,4096,3,14336,46,34269.57,10.28,0.341,0.1953
rpi15,MUL_MAT,iq1_s,f32,4096,4,14336,36,45339.33,10.36,0.259,0.1953
rpi15,MUL_MAT,iq1_s,f32,4096,5,14336,28,56316.64,10.43,0.21,0.1953
rpi15,MUL_MAT,iq1_s,f32,4096,8,14336,18,88031.94,10.67,0.137,0.1953
rpi15,MUL_MAT,iq1_s,f32,4096,512,14336,1,6433751.0,9.35,0.008,0.1953
rpi15,MUL_MAT,iq2_s,f32,4096,1,14336,138,11755.14,9.99,1.606,0.3203
rpi15,MUL_MAT,iq2_s,f32,4096,2,14336,70,22677.41,10.36,0.836,0.3203
rpi15,MUL_MAT,iq2_s,f32,4096,3,14336,46,33815.98,10.42,0.563,0.3203
rpi15,MUL_MAT,iq2_s,f32,4096,4,14336,36,45330.56,10.36,0.421,0.3203
rpi15,MUL_MAT,iq2_s,f32,4096,5,14336,28,56481.79,10.4,0.34,0.3203
rpi15,MUL_MAT,iq2_s,f32,4096,8,14336,18,90088.39,10.43,0.215,0.3203
rpi15,MUL_MAT,iq2_s,f32,4096,512,14336,1,7250311.0,8.29,0.008,0.3203
rpi15,MUL_MAT,iq2_xs,f32,4096,1,14336,138,10669.2,11.01,1.598,0.2891
rpi15,MUL_MAT,iq2_xs,f32,4096,2,14336,70,19329.14,12.15,0.886,0.2891
rpi15,MUL_MAT,iq2_xs,f32,4096,3,14336,46,28731.04,12.26,0.598,0.2891
rpi15,MUL_MAT,iq2_xs,f32,4096,4,14336,36,38702.56,12.14,0.446,0.2891
rpi15,MUL_MAT,iq2_xs,f32,4096,5,14336,28,48097.89,12.21,0.361,0.2891
rpi15,MUL_MAT,iq2_xs,f32,4096,8,14336,18,76688.5,12.25,0.229,0.2891
rpi15,MUL_MAT,iq2_xs,f32,4096,512,14336,1,5377899.0,11.18,0.01,0.2891
rpi15,MUL_MAT,iq2_xxs,f32,4096,1,14336,138,8931.23,13.15,1.703,0.2578
rpi15,MUL_MAT,iq2_xxs,f32,4096,2,14336,70,17637.83,13.32,0.867,0.2578
rpi15,MUL_MAT,iq2_xxs,f32,4096,3,14336,46,26325.91,13.38,0.583,0.2578
rpi15,MUL_MAT,iq2_xxs,f32,4096,4,14336,36,35461.92,13.25,0.435,0.2578
rpi15,MUL_MAT,iq2_xxs,f32,4096,5,14336,28,44170.79,13.29,0.351,0.2578
rpi15,MUL_MAT,iq2_xxs,f32,4096,8,14336,18,70478.78,13.33,0.223,0.2578
rpi15,MUL_MAT,iq2_xxs,f32,4096,512,14336,1,5577384.0,10.78,0.009,0.2578
rpi15,MUL_MAT,iq3_s,f32,4096,1,14336,69,15158.26,7.75,1.669,0.4297
rpi15,MUL_MAT,iq3_s,f32,4096,2,14336,35,29762.49,7.89,0.853,0.4297
rpi15,MUL_MAT,iq3_s,f32,4096,3,14336,23,44487.13,7.92,0.572,0.4297
rpi15,MUL_MAT,iq3_s,f32,4096,4,14336,18,59332.44,7.92,0.43,0.4297
rpi15,MUL_MAT,iq3_s,f32,4096,5,14336,14,73988.5,7.94,0.346,0.4297
rpi15,MUL_MAT,iq3_s,f32,4096,8,14336,9,117943.11,7.97,0.219,0.4297
rpi15,MUL_MAT,iq3_s,f32,4096,512,14336,1,8576636.0,7.01,0.007,0.4297
rpi15,MUL_MAT,iq3_xxs,f32,4096,1,14336,138,11779.44,9.97,1.915,0.3828
rpi15,MUL_MAT,iq3_xxs,f32,4096,2,14336,70,23223.43,10.11,0.974,0.3828
rpi15,MUL_MAT,iq3_xxs,f32,4096,3,14336,46,34768.22,10.13,0.653,0.3828
rpi15,MUL_MAT,iq3_xxs,f32,4096,4,14336,36,46763.03,10.05,0.487,0.3828
rpi15,MUL_MAT,iq3_xxs,f32,4096,5,14336,28,58293.11,10.07,0.392,0.3828
rpi15,MUL_MAT,iq3_xxs,f32,4096,8,14336,18,93392.5,10.06,0.247,0.3828
rpi15,MUL_MAT,iq3_xxs,f32,4096,512,14336,1,6681538.0,9.0,0.009,0.3828
rpi15,MUL_MAT,iq4_nl,f32,4096,1,14336,138,9235.84,12.72,3.584,0.5625
rpi15,MUL_MAT,iq4_nl,f32,4096,2,14336,70,15050.67,15.61,2.204,0.5625
rpi15,MUL_MAT,iq4_nl,f32,4096,3,14336,46,22668.07,15.54,1.467,0.5625
rpi15,MUL_MAT,iq4_nl,f32,4096,4,14336,36,30214.33,15.55,1.103,0.5625
rpi15,MUL_MAT,iq4_nl,f32,4096,5,14336,28,37596.71,15.62,0.888,0.5625
rpi15,MUL_MAT,iq4_nl,f32,4096,8,14336,18,59514.06,15.79,0.565,0.5625
rpi15,MUL_MAT,iq4_nl,f32,4096,512,14336,1,4009907.0,15.0,0.018,0.5625
rpi15,MUL_MAT,iq4_xs,f32,4096,1,14336,138,8612.67,13.64,3.631,0.5312
rpi15,MUL_MAT,iq4_xs,f32,4096,2,14336,105,14193.33,16.55,2.208,0.5312
rpi15,MUL_MAT,iq4_xs,f32,4096,3,14336,69,21169.83,16.64,1.484,0.5312
rpi15,MUL_MAT,iq4_xs,f32,4096,4,14336,36,28682.92,16.38,1.098,0.5312
rpi15,MUL_MAT,iq4_xs,f32,4096,5,14336,28,35892.25,16.36,0.879,0.5312
rpi15,MUL_MAT,iq4_xs,f32,4096,8,14336,18,57151.44,16.44,0.556,0.5312
rpi15,MUL_MAT,iq4_xs,f32,4096,512,14336,1,4273660.0,14.07,0.016,0.5312
rpi15,MUL_MAT,q2_K,f32,4096,1,14336,207,6236.96,18.83,3.101,0.3281
rpi15,MUL_MAT,q2_K,f32,4096,2,14336,105,11923.86,19.7,1.628,0.3281
rpi15,MUL_MAT,q2_K,f32,4096,3,14336,69,17824.49,19.77,1.093,0.3281
rpi15,MUL_MAT,q2_K,f32,4096,4,14336,54,23985.54,19.59,0.816,0.3281
rpi15,MUL_MAT,q2_K,f32,4096,5,14336,42,29826.38,19.69,0.658,0.3281
rpi15,MUL_MAT,q2_K,f32,4096,8,14336,27,47701.96,19.7,0.416,0.3281
rpi15,MUL_MAT,q2_K,f32,4096,512,14336,1,4291549.0,14.01,0.013,0.3281
rpi15,MUL_MAT,q3_K,f32,4096,1,14336,138,8748.35,13.42,2.893,0.4297
rpi15,MUL_MAT,q3_K,f32,4096,2,14336,70,16858.14,13.93,1.505,0.4297
rpi15,MUL_MAT,q3_K,f32,4096,3,14336,46,25382.3,13.88,1.003,0.4297
rpi15,MUL_MAT,q3_K,f32,4096,4,14336,36,34045.56,13.8,0.75,0.4297
rpi15,MUL_MAT,q3_K,f32,4096,5,14336,28,42493.11,13.82,0.602,0.4297
rpi15,MUL_MAT,q3_K,f32,4096,8,14336,18,67769.83,13.86,0.381,0.4297
rpi15,MUL_MAT,q3_K,f32,4096,512,14336,1,6050616.0,9.94,0.01,0.4297
rpi15,MUL_MAT,q4_0,f32,4096,1,14336,138,9287.97,12.64,3.564,0.5625
rpi15,MUL_MAT,q4_0,f32,4096,2,14336,105,13406.23,17.52,2.475,0.5625
rpi15,MUL_MAT,q4_0,f32,4096,3,14336,69,20644.22,17.07,1.611,0.5625
rpi15,MUL_MAT,q4_0,f32,4096,4,14336,54,27409.02,17.14,1.216,0.5625
rpi15,MUL_MAT,q4_0,f32,4096,5,14336,42,34565.43,16.99,0.966,0.5625
rpi15,MUL_MAT,q4_0,f32,4096,8,14336,27,54004.52,17.4,0.623,0.5625
rpi15,MUL_MAT,q4_0,f32,4096,512,14336,1,4801630.0,12.52,0.015,0.5625
rpi15,MUL_MAT,q4_1,f32,4096,1,14336,138,10326.74,11.37,3.561,0.625
rpi15,MUL_MAT,q4_1,f32,4096,2,14336,105,13981.97,16.8,2.635,0.625
rpi15,MUL_MAT,q4_1,f32,4096,3,14336,46,22104.87,15.94,1.67,0.625
rpi15,MUL_MAT,q4_1,f32,4096,4,14336,36,29112.33,16.14,1.271,0.625
rpi15,MUL_MAT,q4_1,f32,4096,5,14336,28,36045.32,16.29,1.028,0.625
rpi15,MUL_MAT,q4_1,f32,4096,8,14336,27,55378.41,16.97,0.673,0.625
rpi15,MUL_MAT,q4_1,f32,4096,512,14336,1,4794467.0,12.54,0.016,0.625
rpi15,MUL_MAT,q4_K,f32,4096,1,14336,138,9123.06,12.87,3.629,0.5625
rpi15,MUL_MAT,q4_K,f32,4096,2,14336,105,12682.72,18.52,2.616,0.5625
rpi15,MUL_MAT,q4_K,f32,4096,3,14336,69,20266.01,17.38,1.641,0.5625
rpi15,MUL_MAT,q4_K,f32,4096,4,14336,54,26975.26,17.41,1.235,0.5625
rpi15,MUL_MAT,q4_K,f32,4096,5,14336,42,33084.26,17.75,1.01,0.5625
rpi15,MUL_MAT,q4_K,f32,4096,8,14336,27,51019.07,18.42,0.659,0.5625
rpi15,MUL_MAT,q4_K,f32,4096,512,14336,1,4379312.0,13.73,0.016,0.5625
rpi15,MUL_MAT,q5_0,f32,4096,1,14336,138,11330.54,10.36,3.569,0.6875
rpi15,MUL_MAT,q5_0,f32,4096,2,14336,70,17825.17,13.18,2.273,0.6875
rpi15,MUL_MAT,q5_0,f32,4096,3,14336,46,26805.8,13.14,1.514,0.6875
rpi15,MUL_MAT,q5_0,f32,4096,4,14336,36,35172.89,13.36,1.156,0.6875
rpi15,MUL_MAT,q5_0,f32,4096,5,14336,28,44167.93,13.29,0.922,0.6875
rpi15,MUL_MAT,q5_0,f32,4096,8,14336,18,69033.5,13.61,0.593,0.6875
rpi15,MUL_MAT,q5_0,f32,4096,512,14336,1,6278500.0,9.58,0.012,0.6875
rpi15,MUL_MAT,q5_1,f32,4096,1,14336,138,12274.29,9.57,3.594,0.75
rpi15,MUL_MAT,q5_1,f32,4096,2,14336,70,19037.41,12.34,2.321,0.75
rpi15,MUL_MAT,q5_1,f32,4096,3,14336,46,28463.67,12.38,1.555,0.75
rpi15,MUL_MAT,q5_1,f32,4096,4,14336,36,38149.03,12.31,1.162,0.75
rpi15,MUL_MAT,q5_1,f32,4096,5,14336,28,47262.25,12.42,0.94,0.75
rpi15,MUL_MAT,q5_1,f32,4096,8,14336,18,75492.94,12.45,0.591,0.75
rpi15,MUL_MAT,q5_1,f32,4096,512,14336,1,7189527.0,8.36,0.011,0.75
rpi15,MUL_MAT,q5_K,f32,4096,1,14336,138,11237.17,10.45,3.599,0.6875
rpi15,MUL_MAT,q5_K,f32,4096,2,14336,70,16094.13,14.59,2.518,0.6875
rpi15,MUL_MAT,q5_K,f32,4096,3,14336,46,24325.91,14.48,1.669,0.6875
rpi15,MUL_MAT,q5_K,f32,4096,4,14336,36,33196.64,14.15,1.225,0.6875
rpi15,MUL_MAT,q5_K,f32,4096,5,14336,28,41478.36,14.16,0.982,0.6875
rpi15,MUL_MAT,q5_K,f32,4096,8,14336,18,64029.78,14.67,0.64,0.6875
rpi15,MUL_MAT,q5_K,f32,4096,512,14336,1,5518954.0,10.9,0.014,0.6875
rpi15,MUL_MAT,q6_K,f32,4096,1,14336,138,12909.93,9.1,3.737,0.8203
rpi15,MUL_MAT,q6_K,f32,4096,2,14336,70,17940.74,13.09,2.693,0.8203
rpi15,MUL_MAT,q6_K,f32,4096,3,14336,46,28781.43,12.24,1.681,0.8203
rpi15,MUL_MAT,q6_K,f32,4096,4,14336,36,37129.28,12.65,1.305,0.8203
rpi15,MUL_MAT,q6_K,f32,4096,5,14336,28,45504.54,12.9,1.067,0.8203
rpi15,MUL_MAT,q6_K,f32,4096,8,14336,18,70263.61,13.37,0.694,0.8203
rpi15,MUL_MAT,q6_K,f32,4096,512,14336,1,5879464.0,10.23,0.015,0.8203
rpi15,MUL_MAT,q8_0,f32,4096,1,14336,69,17014.36,6.9,3.671,1.0625
rpi15,MUL_MAT,q8_0,f32,4096,2,14336,70,23049.57,10.19,2.713,1.0625
rpi15,MUL_MAT,q8_0,f32,4096,3,14336,46,29834.72,11.81,2.099,1.0625
rpi15,MUL_MAT,q8_0,f32,4096,4,14336,36,36472.69,12.88,1.719,1.0625
rpi15,MUL_MAT,q8_0,f32,4096,5,14336,28,43759.29,13.42,1.434,1.0625
rpi15,MUL_MAT,q8_0,f32,4096,8,14336,18,64322.06,14.61,0.979,1.0625
rpi15,MUL_MAT,q8_0,f32,4096,512,14336,1,5228356.0,11.5,0.019,1.0625
rpi16,MUL_MAT,bf16,f32,4096,1,14336,69,59964.06,1.96,1.96,2.0
rpi16,MUL_MAT,bf16,f32,4096,2,14336,35,120135.14,1.96,0.979,2.0
rpi16,MUL_MAT,bf16,f32,4096,3,14336,23,180246.61,1.95,0.653,2.0
rpi16,MUL_MAT,bf16,f32,4096,4,14336,18,240688.0,1.95,0.489,2.0
rpi16,MUL_MAT,bf16,f32,4096,5,14336,14,300715.71,1.95,0.392,2.0
rpi16,MUL_MAT,bf16,f32,4096,8,14336,9,480486.11,1.96,0.246,2.0
rpi16,MUL_MAT,bf16,f32,4096,512,14336,1,36382302.0,1.65,0.004,2.0
rpi16,MUL_MAT,f16,f32,4096,1,14336,69,32993.38,3.56,3.562,2.0
rpi16,MUL_MAT,f16,f32,4096,2,14336,35,34266.6,6.85,3.432,2.0
rpi16,MUL_MAT,f16,f32,4096,3,14336,46,35295.93,9.98,3.334,2.0
rpi16,MUL_MAT,f16,f32,4096,4,14336,36,44805.67,10.48,2.628,2.0
rpi16,MUL_MAT,f16,f32,4096,5,14336,14,74454.36,7.89,1.582,2.0
rpi16,MUL_MAT,f16,f32,4096,8,14336,18,95406.5,9.85,1.237,2.0
rpi16,MUL_MAT,f16,f32,4096,512,14336,1,10039216.0,5.99,0.015,2.0
rpi16,MUL_MAT,f32,f32,4096,1,14336,69,64610.19,1.82,3.636,4.0
rpi16,MUL_MAT,f32,f32,4096,2,14336,35,127726.34,1.84,1.84,4.0
rpi16,MUL_MAT,f32,f32,4096,3,14336,23,188543.7,1.87,1.247,4.0
rpi16,MUL_MAT,f32,f32,4096,4,14336,18,82594.11,5.69,2.847,4.0
rpi16,MUL_MAT,f32,f32,4096,5,14336,14,120759.86,4.86,1.948,4.0
rpi16,MUL_MAT,f32,f32,4096,8,14336,9,172101.44,5.46,1.368,4.0
rpi16,MUL_MAT,f32,f32,4096,512,14336,1,11656921.0,5.16,0.023,4.0
rpi16,MUL_MAT,iq1_m,f32,4096,1,14336,138,13724.3,8.56,0.941,0.2188
rpi16,MUL_MAT,iq1_m,f32,4096,2,14336,70,26565.91,8.84,0.489,0.2188
rpi16,MUL_MAT,iq1_m,f32,4096,3,14336,46,39380.78,8.95,0.332,0.2188
rpi16,MUL_MAT,iq1_m,f32,4096,4,14336,36,52728.14,8.91,0.249,0.2188
rpi16,MUL_MAT,iq1_m,f32,4096,5,14336,28,65436.96,8.97,0.202,0.2188
rpi16,MUL_MAT,iq1_m,f32,4096,8,14336,18,104467.5,8.99,0.129,0.2188
rpi16,MUL_MAT,iq1_m,f32,4096,512,14336,1,6839034.0,8.79,0.007,0.2188
rpi16,MUL_MAT,iq1_s,f32,4096,1,14336,138,9274.75,12.66,1.245,0.1953
rpi16,MUL_MAT,iq1_s,f32,4096,2,14336,70,17670.81,13.29,0.657,0.1953
rpi16,MUL_MAT,iq1_s,f32,4096,3,14336,46,26132.93,13.48,0.447,0.1953
rpi16,MUL_MAT,iq1_s,f32,4096,4,14336,36,35134.03,13.37,0.335,0.1953
rpi16,MUL_MAT,iq1_s,f32,4096,5,14336,28,43588.5,13.47,0.272,0.1953
rpi16,MUL_MAT,iq1_s,f32,4096,8,14336,18,69376.11,13.54,0.174,0.1953
rpi16,MUL_MAT,iq1_s,f32,4096,512,14336,1,4679479.0,12.85,0.011,0.1953
rpi16,MUL_MAT,iq2_s,f32,4096,1,14336,138,13466.39,8.72,1.402,0.3203
rpi16,MUL_MAT,iq2_s,f32,4096,2,14336,70,24967.56,9.41,0.759,0.3203
rpi16,MUL_MAT,iq2_s,f32,4096,3,14336,46,36686.98,9.6,0.519,0.3203
rpi16,MUL_MAT,iq2_s,f32,4096,4,14336,36,48316.61,9.72,0.395,0.3203
rpi16,MUL_MAT,iq2_s,f32,4096,5,14336,28,60055.93,9.78,0.319,0.3203
rpi16,MUL_MAT,iq2_s,f32,4096,8,14336,18,95219.06,9.87,0.204,0.3203
rpi16,MUL_MAT,iq2_s,f32,4096,512,14336,1,6579942.0,9.14,0.009,0.3203
rpi16,MUL_MAT,iq2_xs,f32,4096,1,14336,138,10391.89,11.3,1.64,0.2891
rpi16,MUL_MAT,iq2_xs,f32,4096,2,14336,70,19009.73,12.36,0.901,0.2891
rpi16,MUL_MAT,iq2_xs,f32,4096,3,14336,46,28356.63,12.42,0.606,0.2891
rpi16,MUL_MAT,iq2_xs,f32,4096,4,14336,36,38403.58,12.23,0.45,0.2891
rpi16,MUL_MAT,iq2_xs,f32,4096,5,14336,28,47803.96,12.28,0.363,0.2891
rpi16,MUL_MAT,iq2_xs,f32,4096,8,14336,18,75668.11,12.42,0.232,0.2891
rpi16,MUL_MAT,iq2_xs,f32,4096,512,14336,1,4864757.0,12.36,0.011,0.2891
rpi16,MUL_MAT,iq2_xxs,f32,4096,1,14336,138,8923.17,13.16,1.705,0.2578
rpi16,MUL_MAT,iq2_xxs,f32,4096,2,14336,70,17630.67,13.32,0.867,0.2578
rpi16,MUL_MAT,iq2_xxs,f32,4096,3,14336,46,26323.96,13.38,0.583,0.2578
rpi16,MUL_MAT,iq2_xxs,f32,4096,4,14336,36,35490.0,13.24,0.435,0.2578
rpi16,MUL_MAT,iq2_xxs,f32,4096,5,14336,28,44147.07,13.3,0.351,0.2578
rpi16,MUL_MAT,iq2_xxs,f32,4096,8,14336,18,70483.83,13.33,0.223,0.2578
rpi16,MUL_MAT,iq2_xxs,f32,4096,512,14336,1,4905022.0,12.26,0.011,0.2578
rpi16,MUL_MAT,iq3_s,f32,4096,1,14336,69,15109.32,7.77,1.675,0.4297
rpi16,MUL_MAT,iq3_s,f32,4096,2,14336,35,30151.0,7.79,0.842,0.4297
rpi16,MUL_MAT,iq3_s,f32,4096,3,14336,23,44845.35,7.86,0.568,0.4297
rpi16,MUL_MAT,iq3_s,f32,4096,4,14336,18,59917.5,7.84,0.426,0.4297
rpi16,MUL_MAT,iq3_s,f32,4096,5,14336,14,74697.93,7.86,0.343,0.4297
rpi16,MUL_MAT,iq3_s,f32,4096,8,14336,9,118749.78,7.91,0.217,0.4297
rpi16,MUL_MAT,iq3_s,f32,4096,512,14336,1,7759489.0,7.75,0.008,0.4297
rpi16,MUL_MAT,iq3_xxs,f32,4096,1,14336,138,11805.41,9.95,1.91,0.3828
rpi16,MUL_MAT,iq3_xxs,f32,4096,2,14336,70,23247.8,10.1,0.973,0.3828
rpi16,MUL_MAT,iq3_xxs,f32,4096,3,14336,46,34810.17,10.12,0.652,0.3828
rpi16,MUL_MAT,iq3_xxs,f32,4096,4,14336,36,46953.72,10.0,0.485,0.3828
rpi16,MUL_MAT,iq3_xxs,f32,4096,5,14336,28,58533.36,10.03,0.39,0.3828
rpi16,MUL_MAT,iq3_xxs,f32,4096,8,14336,18,93377.72,10.06,0.247,0.3828
rpi16,MUL_MAT,iq3_xxs,f32,4096,512,14336,1,6114938.0,9.83,0.01,0.3828
rpi16,MUL_MAT,iq4_nl,f32,4096,1,14336,138,9204.77,12.76,3.596,0.5625
rpi16,MUL_MAT,iq4_nl,f32,4096,2,14336,70,15464.69,15.19,2.145,0.5625
rpi16,MUL_MAT,iq4_nl,f32,4096,3,14336,46,23021.8,15.3,1.444,0.5625
rpi16,MUL_MAT,iq4_nl,f32,4096,4,14336,36,30394.67,15.46,1.096,0.5625
rpi16,MUL_MAT,iq4_nl,f32,4096,5,14336,28,38152.64,15.39,0.875,0.5625
rpi16,MUL_MAT,iq4_nl,f32,4096,8,14336,18,60470.17,15.54,0.556,0.5625
rpi16,MUL_MAT,iq4_nl,f32,4096,512,14336,1,3797425.0,15.83,0.019,0.5625
rpi16,MUL_MAT,iq4_xs,f32,4096,1,14336,138,8612.86,13.64,3.63,0.5312
rpi16,MUL_MAT,iq4_xs,f32,4096,2,14336,70,14499.97,16.2,2.162,0.5312
rpi16,MUL_MAT,iq4_xs,f32,4096,3,14336,69,21383.01,16.48,1.469,0.5312
rpi16,MUL_MAT,iq4_xs,f32,4096,4,14336,36,28876.78,16.27,1.09,0.5312
rpi16,MUL_MAT,iq4_xs,f32,4096,5,14336,28,36199.18,16.22,0.872,0.5312
rpi16,MUL_MAT,iq4_xs,f32,4096,8,14336,18,57493.72,16.34,0.553,0.5312
rpi16,MUL_MAT,iq4_xs,f32,4096,512,14336,1,3774943.0,15.93,0.018,0.5312
rpi16,MUL_MAT,q2_K,f32,4096,1,14336,207,6297.03,18.65,3.071,0.3281
rpi16,MUL_MAT,q2_K,f32,4096,2,14336,105,12053.54,19.49,1.611,0.3281
rpi16,MUL_MAT,q2_K,f32,4096,3,14336,69,17893.57,19.69,1.089,0.3281
rpi16,MUL_MAT,q2_K,f32,4096,4,14336,54,24403.2,19.25,0.802,0.3281
rpi16,MUL_MAT,q2_K,f32,4096,5,14336,42,30253.83,19.41,0.649,0.3281
rpi16,MUL_MAT,q2_K,f32,4096,8,14336,27,48007.33,19.57,0.414,0.3281
rpi16,MUL_MAT,q2_K,f32,4096,512,14336,1,3658194.0,16.44,0.016,0.3281
rpi16,MUL_MAT,q3_K,f32,4096,1,14336,138,8793.56,13.36,2.878,0.4297
rpi16,MUL_MAT,q3_K,f32,4096,2,14336,70,17078.56,13.75,1.486,0.4297
rpi16,MUL_MAT,q3_K,f32,4096,3,14336,46,25463.46,13.84,1.0,0.4297
rpi16,MUL_MAT,q3_K,f32,4096,4,14336,36,34484.08,13.62,0.74,0.4297
rpi16,MUL_MAT,q3_K,f32,4096,5,14336,28,42796.75,13.72,0.598,0.4297
rpi16,MUL_MAT,q3_K,f32,4096,8,14336,18,68044.67,13.81,0.379,0.4297
rpi16,MUL_MAT,q3_K,f32,4096,512,14336,1,5112344.0,11.76,0.012,0.4297
rpi16,MUL_MAT,q4_0,f32,4096,1,14336,138,9332.86,12.58,3.547,0.5625
rpi16,MUL_MAT,q4_0,f32,4096,2,14336,105,13665.37,17.19,2.428,0.5625
rpi16,MUL_MAT,q4_0,f32,4096,3,14336,69,20286.14,17.37,1.639,0.5625
rpi16,MUL_MAT,q4_0,f32,4096,4,14336,54,27602.96,17.02,1.207,0.5625
rpi16,MUL_MAT,q4_0,f32,4096,5,14336,42,34219.36,17.16,0.976,0.5625
rpi16,MUL_MAT,q4_0,f32,4096,8,14336,27,53792.11,17.47,0.625,0.5625
rpi16,MUL_MAT,q4_0,f32,4096,512,14336,1,3991417.0,15.06,0.018,0.5625
rpi16,MUL_MAT,q4_1,f32,4096,1,14336,138,10219.9,11.49,3.598,0.625
rpi16,MUL_MAT,q4_1,f32,4096,2,14336,105,14186.39,16.56,2.597,0.625
rpi16,MUL_MAT,q4_1,f32,4096,3,14336,46,22018.65,16.0,1.677,0.625
rpi16,MUL_MAT,q4_1,f32,4096,4,14336,36,29116.19,16.13,1.271,0.625
rpi16,MUL_MAT,q4_1,f32,4096,5,14336,28,36022.86,16.3,1.029,0.625
rpi16,MUL_MAT,q4_1,f32,4096,8,14336,18,55563.22,16.91,0.671,0.625
rpi16,MUL_MAT,q4_1,f32,4096,512,14336,1,3816095.0,15.76,0.02,0.625
rpi16,MUL_MAT,q4_K,f32,4096,1,14336,138,9209.78,12.75,3.594,0.5625
rpi16,MUL_MAT,q4_K,f32,4096,2,14336,105,12678.79,18.53,2.617,0.5625
rpi16,MUL_MAT,q4_K,f32,4096,3,14336,69,18781.64,18.76,1.77,0.5625
rpi16,MUL_MAT,q4_K,f32,4096,4,14336,54,25806.89,18.2,1.291,0.5625
rpi16,MUL_MAT,q4_K,f32,4096,5,14336,42,32438.02,18.1,1.03,0.5625
rpi16,MUL_MAT,q4_K,f32,4096,8,14336,27,51031.33,18.41,0.659,0.5625
rpi16,MUL_MAT,q4_K,f32,4096,512,14336,1,3909943.0,15.38,0.018,0.5625
rpi16,MUL_MAT,q5_0,f32,4096,1,14336,138,11439.41,10.27,3.535,0.6875
rpi16,MUL_MAT,q5_0,f32,4096,2,14336,70,18153.91,12.94,2.232,0.6875
rpi16,MUL_MAT,q5_0,f32,4096,3,14336,46,26991.74,13.05,1.504,0.6875
rpi16,MUL_MAT,q5_0,f32,4096,4,14336,36,35654.83,13.18,1.141,0.6875
rpi16,MUL_MAT,q5_0,f32,4096,5,14336,28,44249.29,13.27,0.921,0.6875
rpi16,MUL_MAT,q5_0,f32,4096,8,14336,18,69461.44,13.53,0.59,0.6875
rpi16,MUL_MAT,q5_0,f32,4096,512,14336,1,5438627.0,11.06,0.014,0.6875
rpi16,MUL_MAT,q5_1,f32,4096,1,14336,138,12283.49,9.56,3.591,0.75
rpi16,MUL_MAT,q5_1,f32,4096,2,14336,70,19607.96,11.98,2.254,0.75
rpi16,MUL_MAT,q5_1,f32,4096,3,14336,46,28758.24,12.25,1.539,0.75
rpi16,MUL_MAT,q5_1,f32,4096,4,14336,36,38512.61,12.2,1.151,0.75
rpi16,MUL_MAT,q5_1,f32,4096,5,14336,28,47967.61,12.24,0.926,0.75
rpi16,MUL_MAT,q5_1,f32,4096,8,14336,18,75226.72,12.49,0.593,0.75
rpi16,MUL_MAT,q5_1,f32,4096,512,14336,1,6190922.0,9.71,0.013,0.75
rpi16,MUL_MAT,q5_K,f32,4096,1,14336,138,11350.41,10.35,3.563,0.6875
rpi16,MUL_MAT,q5_K,f32,4096,2,14336,70,16317.76,14.39,2.483,0.6875
rpi16,MUL_MAT,q5_K,f32,4096,3,14336,46,23879.02,14.75,1.7,0.6875
rpi16,MUL_MAT,q5_K,f32,4096,4,14336,36,32489.25,14.46,1.252,0.6875
rpi16,MUL_MAT,q5_K,f32,4096,5,14336,28,40575.04,14.47,1.004,0.6875
rpi16,MUL_MAT,q5_K,f32,4096,8,14336,18,63419.5,14.81,0.646,0.6875
rpi16,MUL_MAT,q5_K,f32,4096,512,14336,1,4952061.0,12.14,0.016,0.6875
rpi16,MUL_MAT,q6_K,f32,4096,1,14336,138,12853.75,9.14,3.753,0.8203
rpi16,MUL_MAT,q6_K,f32,4096,2,14336,70,18217.2,12.89,2.652,0.8203
rpi16,MUL_MAT,q6_K,f32,4096,3,14336,46,27691.2,12.72,1.747,0.8203
rpi16,MUL_MAT,q6_K,f32,4096,4,14336,36,36056.78,13.03,1.344,0.8203
rpi16,MUL_MAT,q6_K,f32,4096,5,14336,28,45383.93,12.94,1.069,0.8203
rpi16,MUL_MAT,q6_K,f32,4096,8,14336,18,70383.5,13.35,0.693,0.8203
rpi16,MUL_MAT,q6_K,f32,4096,512,14336,1,5300220.0,11.34,0.016,0.8203
rpi16,MUL_MAT,q8_0,f32,4096,1,14336,69,17032.49,6.9,3.667,1.0625
rpi16,MUL_MAT,q8_0,f32,4096,2,14336,70,23233.93,10.11,2.692,1.0625
rpi16,MUL_MAT,q8_0,f32,4096,3,14336,46,30232.04,11.65,2.071,1.0625
rpi16,MUL_MAT,q8_0,f32,4096,4,14336,36,36717.0,12.79,1.707,1.0625
rpi16,MUL_MAT,q8_0,f32,4096,5,14336,28,44128.0,13.31,1.422,1.0625
rpi16,MUL_MAT,q8_0,f32,4096,8,14336,18,64710.06,14.52,0.973,1.0625
rpi16,MUL_MAT,q8_0,f32,4096,512,14336,1,4482546.0,13.41,0.022,1.0625
rpi17,MUL_MAT,bf16,f32,4096,1,14336,69,59957.19,1.96,1.96,2.0
rpi17,MUL_MAT,bf16,f32,4096,2,14336,35,120121.06,1.96,0.979,2.0
rpi17,MUL_MAT,bf16,f32,4096,3,14336,23,180462.0,1.95,0.652,2.0
rpi17,MUL_MAT,bf16,f32,4096,4,14336,18,240661.5,1.95,0.489,2.0
rpi17,MUL_MAT,bf16,f32,4096,5,14336,14,301124.14,1.95,0.391,2.0
rpi17,MUL_MAT,bf16,f32,4096,8,14336,9,484774.89,1.94,0.243,2.0
rpi17,MUL_MAT,bf16,f32,4096,512,14336,1,44019640.0,1.37,0.004,2.0
rpi17,MUL_MAT,f16,f32,4096,1,14336,69,33134.86,3.54,3.547,2.0
rpi17,MUL_MAT,f16,f32,4096,2,14336,35,34522.89,6.8,3.406,2.0
rpi17,MUL_MAT,f16,f32,4096,3,14336,46,35915.98,9.81,3.276,2.0
rpi17,MUL_MAT,f16,f32,4096,4,14336,36,42950.39,10.94,2.741,2.0
rpi17,MUL_MAT,f16,f32,4096,5,14336,28,69168.71,8.49,1.703,2.0
rpi17,MUL_MAT,f16,f32,4096,8,14336,18,85208.06,11.03,1.385,2.0
rpi17,MUL_MAT,f16,f32,4096,512,14336,1,9994939.0,6.02,0.016,2.0
rpi17,MUL_MAT,f32,f32,4096,1,14336,69,64259.55,1.83,3.656,4.0
rpi17,MUL_MAT,f32,f32,4096,2,14336,35,127720.03,1.84,1.84,4.0
rpi17,MUL_MAT,f32,f32,4096,3,14336,23,194153.04,1.81,1.211,4.0
rpi17,MUL_MAT,f32,f32,4096,4,14336,18,83936.61,5.6,2.802,4.0
rpi17,MUL_MAT,f32,f32,4096,5,14336,14,110167.43,5.33,2.135,4.0
rpi17,MUL_MAT,f32,f32,4096,8,14336,9,171000.33,5.49,1.377,4.0
rpi17,MUL_MAT,f32,f32,4096,512,14336,1,11306169.0,5.32,0.024,4.0
rpi17,MUL_MAT,iq1_m,f32,4096,1,14336,138,13689.28,8.58,0.944,0.2188
rpi17,MUL_MAT,iq1_m,f32,4096,2,14336,70,26281.23,8.94,0.494,0.2188
rpi17,MUL_MAT,iq1_m,f32,4096,3,14336,46,39149.98,9.0,0.334,0.2188
rpi17,MUL_MAT,iq1_m,f32,4096,4,14336,36,52479.22,8.95,0.25,0.2188
rpi17,MUL_MAT,iq1_m,f32,4096,5,14336,28,65353.86,8.98,0.202,0.2188
rpi17,MUL_MAT,iq1_m,f32,4096,8,14336,18,104072.06,9.03,0.129,0.2188
rpi17,MUL_MAT,iq1_m,f32,4096,512,14336,1,7905478.0,7.61,0.006,0.2188
rpi17,MUL_MAT,iq1_s,f32,4096,1,14336,138,9306.51,12.62,1.24,0.1953
rpi17,MUL_MAT,iq1_s,f32,4096,2,14336,70,17483.86,13.43,0.664,0.1953
rpi17,MUL_MAT,iq1_s,f32,4096,3,14336,46,25977.11,13.56,0.45,0.1953
rpi17,MUL_MAT,iq1_s,f32,4096,4,14336,36,34757.64,13.52,0.338,0.1953
rpi17,MUL_MAT,iq1_s,f32,4096,5,14336,28,43241.39,13.58,0.274,0.1953
rpi17,MUL_MAT,iq1_s,f32,4096,8,14336,18,69104.06,13.6,0.174,0.1953
rpi17,MUL_MAT,iq1_s,f32,4096,512,14336,1,5627748.0,10.68,0.009,0.1953
rpi17,MUL_MAT,iq2_s,f32,4096,1,14336,138,12065.71,9.73,1.565,0.3203
rpi17,MUL_MAT,iq2_s,f32,4096,2,14336,70,23214.8,10.12,0.817,0.3203
rpi17,MUL_MAT,iq2_s,f32,4096,3,14336,46,34562.26,10.19,0.551,0.3203
rpi17,MUL_MAT,iq2_s,f32,4096,4,14336,36,46050.42,10.2,0.415,0.3203
rpi17,MUL_MAT,iq2_s,f32,4096,5,14336,28,57379.0,10.23,0.334,0.3203
rpi17,MUL_MAT,iq2_s,f32,4096,8,14336,18,91451.22,10.27,0.212,0.3203
rpi17,MUL_MAT,iq2_s,f32,4096,512,14336,1,7642395.0,7.87,0.007,0.3203
rpi17,MUL_MAT,iq2_xs,f32,4096,1,14336,138,10347.62,11.35,1.647,0.2891
rpi17,MUL_MAT,iq2_xs,f32,4096,2,14336,70,19227.96,12.22,0.89,0.2891
rpi17,MUL_MAT,iq2_xs,f32,4096,3,14336,46,28573.46,12.33,0.602,0.2891
rpi17,MUL_MAT,iq2_xs,f32,4096,4,14336,36,38440.31,12.22,0.449,0.2891
rpi17,MUL_MAT,iq2_xs,f32,4096,5,14336,28,47815.43,12.28,0.363,0.2891
rpi17,MUL_MAT,iq2_xs,f32,4096,8,14336,18,76276.28,12.32,0.23,0.2891
rpi17,MUL_MAT,iq2_xs,f32,4096,512,14336,1,5586811.0,10.76,0.01,0.2891
rpi17,MUL_MAT,iq2_xxs,f32,4096,1,14336,138,8979.53,13.08,1.694,0.2578
rpi17,MUL_MAT,iq2_xxs,f32,4096,2,14336,70,17570.97,13.37,0.87,0.2578
rpi17,MUL_MAT,iq2_xxs,f32,4096,3,14336,46,26289.11,13.4,0.584,0.2578
rpi17,MUL_MAT,iq2_xxs,f32,4096,4,14336,36,35087.17,13.39,0.44,0.2578
rpi17,MUL_MAT,iq2_xxs,f32,4096,5,14336,28,43775.96,13.41,0.354,0.2578
rpi17,MUL_MAT,iq2_xxs,f32,4096,8,14336,18,70030.0,13.42,0.225,0.2578
rpi17,MUL_MAT,iq2_xxs,f32,4096,512,14336,1,5834623.0,10.31,0.009,0.2578
rpi17,MUL_MAT,iq3_s,f32,4096,1,14336,69,15477.33,7.59,1.635,0.4297
rpi17,MUL_MAT,iq3_s,f32,4096,2,14336,35,29637.8,7.93,0.856,0.4297
rpi17,MUL_MAT,iq3_s,f32,4096,3,14336,23,44298.39,7.95,0.575,0.4297
rpi17,MUL_MAT,iq3_s,f32,4096,4,14336,18,59035.78,7.96,0.432,0.4297
rpi17,MUL_MAT,iq3_s,f32,4096,5,14336,14,73670.07,7.97,0.347,0.4297
rpi17,MUL_MAT,iq3_s,f32,4096,8,14336,9,117829.0,7.97,0.219,0.4297
rpi17,MUL_MAT,iq3_s,f32,4096,512,14336,1,9044208.0,6.65,0.007,0.4297
rpi17,MUL_MAT,iq3_xxs,f32,4096,1,14336,138,11709.76,10.03,1.926,0.3828
rpi17,MUL_MAT,iq3_xxs,f32,4096,2,14336,70,23152.04,10.15,0.977,0.3828
rpi17,MUL_MAT,iq3_xxs,f32,4096,3,14336,46,34721.85,10.15,0.654,0.3828
rpi17,MUL_MAT,iq3_xxs,f32,4096,4,14336,36,46386.78,10.13,0.491,0.3828
rpi17,MUL_MAT,iq3_xxs,f32,4096,5,14336,28,57924.11,10.14,0.394,0.3828
rpi17,MUL_MAT,iq3_xxs,f32,4096,8,14336,18,92961.33,10.11,0.248,0.3828
rpi17,MUL_MAT,iq3_xxs,f32,4096,512,14336,1,7004701.0,8.58,0.009,0.3828
rpi17,MUL_MAT,iq4_nl,f32,4096,1,14336,138,9382.51,12.52,3.528,0.5625
rpi17,MUL_MAT,iq4_nl,f32,4096,2,14336,70,15112.07,15.54,2.195,0.5625
rpi17,MUL_MAT,iq4_nl,f32,4096,3,14336,46,22953.85,15.35,1.449,0.5625
rpi17,MUL_MAT,iq4_nl,f32,4096,4,14336,36,30562.11,15.37,1.09,0.5625
rpi17,MUL_MAT,iq4_nl,f32,4096,5,14336,28,37914.36,15.49,0.881,0.5625
rpi17,MUL_MAT,iq4_nl,f32,4096,8,14336,18,60411.17,15.55,0.557,0.5625
rpi17,MUL_MAT,iq4_nl,f32,4096,512,14336,1,4154140.0,14.47,0.017,0.5625
rpi17,MUL_MAT,iq4_xs,f32,4096,1,14336,138,8652.45,13.57,3.614,0.5312
rpi17,MUL_MAT,iq4_xs,f32,4096,2,14336,70,14354.1,16.36,2.184,0.5312
rpi17,MUL_MAT,iq4_xs,f32,4096,3,14336,46,21823.61,16.14,1.44,0.5312
rpi17,MUL_MAT,iq4_xs,f32,4096,4,14336,36,28931.28,16.24,1.088,0.5312
rpi17,MUL_MAT,iq4_xs,f32,4096,5,14336,28,35941.36,16.34,0.878,0.5312
rpi17,MUL_MAT,iq4_xs,f32,4096,8,14336,18,57185.56,16.43,0.556,0.5312
rpi17,MUL_MAT,iq4_xs,f32,4096,512,14336,1,4612259.0,13.04,0.015,0.5312
rpi17,MUL_MAT,q2_K,f32,4096,1,14336,207,6252.85,18.78,3.093,0.3281
rpi17,MUL_MAT,q2_K,f32,4096,2,14336,105,11934.35,19.68,1.627,0.3281
rpi17,MUL_MAT,q2_K,f32,4096,3,14336,69,17949.3,19.63,1.086,0.3281
rpi17,MUL_MAT,q2_K,f32,4096,4,14336,54,23885.98,19.67,0.819,0.3281
rpi17,MUL_MAT,q2_K,f32,4096,5,14336,42,29825.31,19.69,0.658,0.3281
rpi17,MUL_MAT,q2_K,f32,4096,8,14336,27,48163.56,19.51,0.412,0.3281
rpi17,MUL_MAT,q2_K,f32,4096,512,14336,1,4550811.0,13.21,0.013,0.3281
rpi17,MUL_MAT,q3_K,f32,4096,1,14336,138,8658.37,13.56,2.923,0.4297
rpi17,MUL_MAT,q3_K,f32,4096,2,14336,70,16903.66,13.9,1.501,0.4297
rpi17,MUL_MAT,q3_K,f32,4096,3,14336,46,25516.0,13.81,0.998,0.4297
rpi17,MUL_MAT,q3_K,f32,4096,4,14336,36,33987.25,13.82,0.751,0.4297
rpi17,MUL_MAT,q3_K,f32,4096,5,14336,28,42379.32,13.86,0.604,0.4297
rpi17,MUL_MAT,q3_K,f32,4096,8,14336,18,67556.17,13.91,0.382,0.4297
rpi17,MUL_MAT,q3_K,f32,4096,512,14336,1,6331744.0,9.5,0.01,0.4297
rpi17,MUL_MAT,q4_0,f32,4096,1,14336,138,9314.72,12.61,3.554,0.5625
rpi17,MUL_MAT,q4_0,f32,4096,2,14336,105,13588.72,17.28,2.442,0.5625
rpi17,MUL_MAT,q4_0,f32,4096,3,14336,69,20915.22,16.85,1.59,0.5625
rpi17,MUL_MAT,q4_0,f32,4096,4,14336,54,27296.7,17.21,1.221,0.5625
rpi17,MUL_MAT,q4_0,f32,4096,5,14336,42,34247.86,17.15,0.975,0.5625
rpi17,MUL_MAT,q4_0,f32,4096,8,14336,27,54350.15,17.29,0.619,0.5625
rpi17,MUL_MAT,q4_0,f32,4096,512,14336,1,4600815.0,13.07,0.015,0.5625
rpi17,MUL_MAT,q4_1,f32,4096,1,14336,138,10273.47,11.43,3.58,0.625
rpi17,MUL_MAT,q4_1,f32,4096,2,14336,105,13877.78,16.92,2.655,0.625
rpi17,MUL_MAT,q4_1,f32,4096,3,14336,46,22052.89,15.98,1.674,0.625
rpi17,MUL_MAT,q4_1,f32,4096,4,14336,36,28556.36,16.45,1.296,0.625
rpi17,MUL_MAT,q4_1,f32,4096,5,14336,28,35955.14,16.33,1.031,0.625
rpi17,MUL_MAT,q4_1,f32,4096,8,14336,27,55237.48,17.01,0.675,0.625
rpi17,MUL_MAT,q4_1,f32,4096,512,14336,1,4776427.0,12.59,0.016,0.625
rpi17,MUL_MAT,q4_K,f32,4096,1,14336,138,9159.35,12.82,3.614,0.5625
rpi17,MUL_MAT,q4_K,f32,4096,2,14336,105,12693.95,18.5,2.614,0.5625
rpi17,MUL_MAT,q4_K,f32,4096,3,14336,69,20252.41,17.4,1.642,0.5625
rpi17,MUL_MAT,q4_K,f32,4096,4,14336,54,26947.91,17.43,1.237,0.5625
rpi17,MUL_MAT,q4_K,f32,4096,5,14336,42,32873.0,17.86,1.016,0.5625
rpi17,MUL_MAT,q4_K,f32,4096,8,14336,27,51144.07,18.37,0.657,0.5625
rpi17,MUL_MAT,q4_K,f32,4096,512,14336,1,4585073.0,13.11,0.015,0.5625
rpi17,MUL_MAT,q5_0,f32,4096,1,14336,138,11389.64,10.31,3.551,0.6875
rpi17,MUL_MAT,q5_0,f32,4096,2,14336,70,17947.26,13.09,2.258,0.6875
rpi17,MUL_MAT,q5_0,f32,4096,3,14336,46,27075.22,13.01,1.499,0.6875
rpi17,MUL_MAT,q5_0,f32,4096,4,14336,36,35380.64,13.28,1.149,0.6875
rpi17,MUL_MAT,q5_0,f32,4096,5,14336,28,44618.54,13.16,0.913,0.6875
rpi17,MUL_MAT,q5_0,f32,4096,8,14336,18,70821.72,13.27,0.578,0.6875
rpi17,MUL_MAT,q5_0,f32,4096,512,14336,1,6559995.0,9.17,0.012,0.6875
rpi17,MUL_MAT,q5_1,f32,4096,1,14336,138,12394.62,9.48,3.559,0.75
rpi17,MUL_MAT,q5_1,f32,4096,2,14336,70,19527.26,12.03,2.263,0.75
rpi17,MUL_MAT,q5_1,f32,4096,3,14336,46,29297.15,12.03,1.511,0.75
rpi17,MUL_MAT,q5_1,f32,4096,4,14336,36,38403.64,12.23,1.154,0.75
rpi17,MUL_MAT,q5_1,f32,4096,5,14336,28,48797.32,12.03,0.91,0.75
rpi17,MUL_MAT,q5_1,f32,4096,8,14336,18,74276.0,12.65,0.601,0.75
rpi17,MUL_MAT,q5_1,f32,4096,512,14336,1,6962370.0,8.64,0.012,0.75
rpi17,MUL_MAT,q5_K,f32,4096,1,14336,138,11255.74,10.43,3.593,0.6875
rpi17,MUL_MAT,q5_K,f32,4096,2,14336,70,16148.9,14.54,2.509,0.6875
rpi17,MUL_MAT,q5_K,f32,4096,3,14336,46,24917.04,14.14,1.629,0.6875
rpi17,MUL_MAT,q5_K,f32,4096,4,14336,36,33616.06,13.97,1.21,0.6875
rpi17,MUL_MAT,q5_K,f32,4096,5,14336,28,41140.14,14.27,0.99,0.6875
rpi17,MUL_MAT,q5_K,f32,4096,8,14336,18,64093.72,14.66,0.639,0.6875
rpi17,MUL_MAT,q5_K,f32,4096,512,14336,1,5770723.0,10.42,0.014,0.6875
rpi17,MUL_MAT,q6_K,f32,4096,1,14336,138,13042.8,9.0,3.699,0.8203
rpi17,MUL_MAT,q6_K,f32,4096,2,14336,70,18304.3,12.83,2.64,0.8203
rpi17,MUL_MAT,q6_K,f32,4096,3,14336,46,28859.98,12.21,1.677,0.8203
rpi17,MUL_MAT,q6_K,f32,4096,4,14336,36,37118.44,12.66,1.306,0.8203
rpi17,MUL_MAT,q6_K,f32,4096,5,14336,28,45364.71,12.94,1.07,0.8203
rpi17,MUL_MAT,q6_K,f32,4096,8,14336,18,69660.56,13.49,0.7,0.8203
rpi17,MUL_MAT,q6_K,f32,4096,512,14336,1,6152514.0,9.77,0.014,0.8203
rpi17,MUL_MAT,q8_0,f32,4096,1,14336,69,16963.97,6.92,3.682,1.0625
rpi17,MUL_MAT,q8_0,f32,4096,2,14336,70,23131.29,10.15,2.704,1.0625
rpi17,MUL_MAT,q8_0,f32,4096,3,14336,46,30149.09,11.69,2.077,1.0625
rpi17,MUL_MAT,q8_0,f32,4096,4,14336,36,36503.28,12.87,1.717,1.0625
rpi17,MUL_MAT,q8_0,f32,4096,5,14336,28,44410.29,13.22,1.413,1.0625
rpi17,MUL_MAT,q8_0,f32,4096,8,14336,18,64233.0,14.63,0.98,1.0625
rpi17,MUL_MAT,q8_0,f32,4096,512,14336,1,5224184.0,11.51,0.019,1.0625
rpi19,MUL_MAT,bf16,f32,4096,1,14336,69,59968.72,1.96,1.96,2.0
rpi19,MUL_MAT,bf16,f32,4096,2,14336,35,120145.83,1.95,0.979,2.0
rpi19,MUL_MAT,bf16,f32,4096,3,14336,23,180022.09,1.96,0.654,2.0
rpi19,MUL_MAT,bf16,f32,4096,4,14336,18,240470.78,1.95,0.49,2.0
rpi19,MUL_MAT,bf16,f32,4096,5,14336,14,300981.14,1.95,0.391,2.0
rpi19,MUL_MAT,bf16,f32,4096,8,14336,9,481417.0,1.95,0.245,2.0
rpi19,MUL_MAT,bf16,f32,4096,512,14336,1,37594924.0,1.6,0.004,2.0
rpi19,MUL_MAT,f16,f32,4096,1,14336,69,33739.12,3.48,3.483,2.0
rpi19,MUL_MAT,f16,f32,4096,2,14336,35,34010.17,6.91,3.457,2.0
rpi19,MUL_MAT,f16,f32,4096,3,14336,46,34259.96,10.28,3.434,2.0
rpi19,MUL_MAT,f16,f32,4096,4,14336,36,42273.92,11.11,2.785,2.0
rpi19,MUL_MAT,f16,f32,4096,5,14336,28,68081.71,8.62,1.73,2.0
rpi19,MUL_MAT,f16,f32,4096,8,14336,18,85670.06,10.97,1.378,2.0
rpi19,MUL_MAT,f16,f32,4096,512,14336,1,10887611.0,5.52,0.014,2.0
rpi19,MUL_MAT,f32,f32,4096,1,14336,69,64551.8,1.82,3.64,4.0
rpi19,MUL_MAT,f32,f32,4096,2,14336,35,126892.74,1.85,1.852,4.0
rpi19,MUL_MAT,f32,f32,4096,3,14336,23,187009.48,1.88,1.257,4.0
rpi19,MUL_MAT,f32,f32,4096,4,14336,18,85704.39,5.48,2.744,4.0
rpi19,MUL_MAT,f32,f32,4096,5,14336,14,113460.64,5.18,2.073,4.0
rpi19,MUL_MAT,f32,f32,4096,8,14336,9,173606.67,5.41,1.356,4.0
rpi19,MUL_MAT,f32,f32,4096,512,14336,1,12055653.0,4.99,0.023,4.0
rpi19,MUL_MAT,iq1_m,f32,4096,1,14336,138,13682.98,8.58,0.944,0.2188
rpi19,MUL_MAT,iq1_m,f32,4096,2,14336,70,26647.3,8.81,0.488,0.2188
rpi19,MUL_MAT,iq1_m,f32,4096,3,14336,46,39496.8,8.92,0.331,0.2188
rpi19,MUL_MAT,iq1_m,f32,4096,4,14336,36,52684.31,8.92,0.249,0.2188
rpi19,MUL_MAT,iq1_m,f32,4096,5,14336,28,65898.5,8.91,0.201,0.2188
rpi19,MUL_MAT,iq1_m,f32,4096,8,14336,18,105426.28,8.91,0.127,0.2188
rpi19,MUL_MAT,iq1_m,f32,4096,512,14336,1,6853735.0,8.77,0.007,0.2188
rpi19,MUL_MAT,iq1_s,f32,4096,1,14336,138,9305.66,12.62,1.24,0.1953
rpi19,MUL_MAT,iq1_s,f32,4096,2,14336,70,17681.74,13.28,0.657,0.1953
rpi19,MUL_MAT,iq1_s,f32,4096,3,14336,46,26145.48,13.48,0.447,0.1953
rpi19,MUL_MAT,iq1_s,f32,4096,4,14336,36,35169.08,13.36,0.334,0.1953
rpi19,MUL_MAT,iq1_s,f32,4096,5,14336,28,44096.57,13.32,0.268,0.1953
rpi19,MUL_MAT,iq1_s,f32,4096,8,14336,18,71018.0,13.23,0.17,0.1953
rpi19,MUL_MAT,iq1_s,f32,4096,512,14336,1,4705883.0,12.78,0.01,0.1953
rpi19,MUL_MAT,iq2_s,f32,4096,1,14336,138,11857.97,9.9,1.592,0.3203
rpi19,MUL_MAT,iq2_s,f32,4096,2,14336,70,22955.5,10.23,0.826,0.3203
rpi19,MUL_MAT,iq2_s,f32,4096,3,14336,46,34081.91,10.34,0.558,0.3203
rpi19,MUL_MAT,iq2_s,f32,4096,4,14336,36,45660.14,10.29,0.418,0.3203
rpi19,MUL_MAT,iq2_s,f32,4096,5,14336,28,57159.71,10.27,0.336,0.3203
rpi19,MUL_MAT,iq2_s,f32,4096,8,14336,18,91082.56,10.32,0.213,0.3203
rpi19,MUL_MAT,iq2_s,f32,4096,512,14336,1,6214965.0,9.67,0.009,0.3203
rpi19,MUL_MAT,iq2_xs,f32,4096,1,14336,138,9678.89,12.13,1.761,0.2891
rpi19,MUL_MAT,iq2_xs,f32,4096,2,14336,70,19823.06,11.85,0.864,0.2891
rpi19,MUL_MAT,iq2_xs,f32,4096,3,14336,46,29065.07,12.12,0.592,0.2891
rpi19,MUL_MAT,iq2_xs,f32,4096,4,14336,36,38938.33,12.06,0.443,0.2891
rpi19,MUL_MAT,iq2_xs,f32,4096,5,14336,28,48184.75,12.19,0.36,0.2891
rpi19,MUL_MAT,iq2_xs,f32,4096,8,14336,18,76413.06,12.3,0.23,0.2891
rpi19,MUL_MAT,iq2_xs,f32,4096,512,14336,1,4858620.0,12.38,0.011,0.2891
rpi19,MUL_MAT,iq2_xxs,f32,4096,1,14336,138,8934.96,13.14,1.703,0.2578
rpi19,MUL_MAT,iq2_xxs,f32,4096,2,14336,70,17619.4,13.33,0.868,0.2578
rpi19,MUL_MAT,iq2_xxs,f32,4096,3,14336,46,26305.83,13.39,0.584,0.2578
rpi19,MUL_MAT,iq2_xxs,f32,4096,4,14336,36,35295.69,13.31,0.437,0.2578
rpi19,MUL_MAT,iq2_xxs,f32,4096,5,14336,28,44091.79,13.32,0.352,0.2578
rpi19,MUL_MAT,iq2_xxs,f32,4096,8,14336,18,70921.06,13.25,0.222,0.2578
rpi19,MUL_MAT,iq2_xxs,f32,4096,512,14336,1,4924377.0,12.21,0.011,0.2578
rpi19,MUL_MAT,iq3_s,f32,4096,1,14336,69,15498.68,7.58,1.633,0.4297
rpi19,MUL_MAT,iq3_s,f32,4096,2,14336,35,29847.51,7.87,0.85,0.4297
rpi19,MUL_MAT,iq3_s,f32,4096,3,14336,23,44589.83,7.9,0.571,0.4297
rpi19,MUL_MAT,iq3_s,f32,4096,4,14336,18,59783.5,7.86,0.427,0.4297
rpi19,MUL_MAT,iq3_s,f32,4096,5,14336,14,74485.5,7.88,0.344,0.4297
rpi19,MUL_MAT,iq3_s,f32,4096,8,14336,9,118775.22,7.91,0.217,0.4297
rpi19,MUL_MAT,iq3_s,f32,4096,512,14336,1,7742841.0,7.77,0.008,0.4297
rpi19,MUL_MAT,iq3_xxs,f32,4096,1,14336,138,11727.14,10.01,1.923,0.3828
rpi19,MUL_MAT,iq3_xxs,f32,4096,2,14336,70,23319.93,10.07,0.97,0.3828
rpi19,MUL_MAT,iq3_xxs,f32,4096,3,14336,46,34824.35,10.12,0.652,0.3828
rpi19,MUL_MAT,iq3_xxs,f32,4096,4,14336,36,46894.83,10.02,0.486,0.3828
rpi19,MUL_MAT,iq3_xxs,f32,4096,5,14336,28,58824.86,9.98,0.388,0.3828
rpi19,MUL_MAT,iq3_xxs,f32,4096,8,14336,18,93982.22,10.0,0.245,0.3828
rpi19,MUL_MAT,iq3_xxs,f32,4096,512,14336,1,6132539.0,9.8,0.01,0.3828
rpi19,MUL_MAT,iq4_nl,f32,4096,1,14336,138,9163.39,12.82,3.613,0.5625
rpi19,MUL_MAT,iq4_nl,f32,4096,2,14336,70,15423.8,15.23,2.151,0.5625
rpi19,MUL_MAT,iq4_nl,f32,4096,3,14336,46,22932.43,15.36,1.45,0.5625
rpi19,MUL_MAT,iq4_nl,f32,4096,4,14336,36,30345.25,15.48,1.098,0.5625
rpi19,MUL_MAT,iq4_nl,f32,4096,5,14336,28,37701.61,15.58,0.886,0.5625
rpi19,MUL_MAT,iq4_nl,f32,4096,8,14336,18,60189.17,15.61,0.559,0.5625
rpi19,MUL_MAT,iq4_nl,f32,4096,512,14336,1,3800800.0,15.82,0.019,0.5625
rpi19,MUL_MAT,iq4_xs,f32,4096,1,14336,138,8646.31,13.58,3.616,0.5312
rpi19,MUL_MAT,iq4_xs,f32,4096,2,14336,70,14404.66,16.31,2.176,0.5312
rpi19,MUL_MAT,iq4_xs,f32,4096,3,14336,69,21656.86,16.27,1.451,0.5312
rpi19,MUL_MAT,iq4_xs,f32,4096,4,14336,36,29038.89,16.18,1.084,0.5312
rpi19,MUL_MAT,iq4_xs,f32,4096,5,14336,28,36380.32,16.14,0.868,0.5312
rpi19,MUL_MAT,iq4_xs,f32,4096,8,14336,18,57859.61,16.24,0.549,0.5312
rpi19,MUL_MAT,iq4_xs,f32,4096,512,14336,1,3770254.0,15.95,0.018,0.5312
rpi19,MUL_MAT,q2_K,f32,4096,1,14336,207,6231.16,18.85,3.104,0.3281
rpi19,MUL_MAT,q2_K,f32,4096,2,14336,105,12059.27,19.48,1.61,0.3281
rpi19,MUL_MAT,q2_K,f32,4096,3,14336,69,17899.71,19.68,1.089,0.3281
rpi19,MUL_MAT,q2_K,f32,4096,4,14336,54,24226.52,19.39,0.807,0.3281
rpi19,MUL_MAT,q2_K,f32,4096,5,14336,42,30377.81,19.33,0.646,0.3281
rpi19,MUL_MAT,q2_K,f32,4096,8,14336,27,48812.81,19.25,0.407,0.3281
rpi19,MUL_MAT,q2_K,f32,4096,512,14336,1,3859371.0,15.58,0.015,0.3281
rpi19,MUL_MAT,q3_K,f32,4096,1,14336,138,8659.27,13.56,2.922,0.4297
rpi19,MUL_MAT,q3_K,f32,4096,2,14336,70,17089.23,13.74,1.485,0.4297
rpi19,MUL_MAT,q3_K,f32,4096,3,14336,46,25435.2,13.85,1.001,0.4297
rpi19,MUL_MAT,q3_K,f32,4096,4,14336,36,34362.72,13.67,0.743,0.4297
rpi19,MUL_MAT,q3_K,f32,4096,5,14336,28,43136.61,13.61,0.593,0.4297
rpi19,MUL_MAT,q3_K,f32,4096,8,14336,18,69005.67,13.62,0.374,0.4297
rpi19,MUL_MAT,q3_K,f32,4096,512,14336,1,5421920.0,11.09,0.012,0.4297
rpi19,MUL_MAT,q4_0,f32,4096,1,14336,138,9230.16,12.72,3.586,0.5625
rpi19,MUL_MAT,q4_0,f32,4096,2,14336,105,13514.8,17.38,2.455,0.5625
rpi19,MUL_MAT,q4_0,f32,4096,3,14336,69,20074.8,17.55,1.656,0.5625
rpi19,MUL_MAT,q4_0,f32,4096,4,14336,54,26798.31,17.53,1.244,0.5625
rpi19,MUL_MAT,q4_0,f32,4096,5,14336,42,33738.12,17.4,0.99,0.5625
rpi19,MUL_MAT,q4_0,f32,4096,8,14336,27,54271.33,17.31,0.619,0.5625
rpi19,MUL_MAT,q4_0,f32,4096,512,14336,1,4286720.0,14.03,0.017,0.5625
rpi19,MUL_MAT,q4_1,f32,4096,1,14336,138,10233.46,11.48,3.593,0.625
rpi19,MUL_MAT,q4_1,f32,4096,2,14336,70,14326.03,16.4,2.572,0.625
rpi19,MUL_MAT,q4_1,f32,4096,3,14336,69,21688.49,16.24,1.702,0.625
rpi19,MUL_MAT,q4_1,f32,4096,4,14336,36,28667.44,16.39,1.29,0.625
rpi19,MUL_MAT,q4_1,f32,4096,5,14336,28,36519.54,16.08,1.015,0.625
rpi19,MUL_MAT,q4_1,f32,4096,8,14336,18,56938.78,16.5,0.655,0.625
rpi19,MUL_MAT,q4_1,f32,4096,512,14336,1,3985840.0,15.09,0.019,0.625
rpi19,MUL_MAT,q4_K,f32,4096,1,14336,138,9165.38,12.81,3.612,0.5625
rpi19,MUL_MAT,q4_K,f32,4096,2,14336,105,12617.03,18.62,2.63,0.5625
rpi19,MUL_MAT,q4_K,f32,4096,3,14336,69,18651.96,18.89,1.783,0.5625
rpi19,MUL_MAT,q4_K,f32,4096,4,14336,54,25502.91,18.42,1.307,0.5625
rpi19,MUL_MAT,q4_K,f32,4096,5,14336,42,32425.43,18.11,1.03,0.5625
rpi19,MUL_MAT,q4_K,f32,4096,8,14336,27,51316.37,18.31,0.655,0.5625
rpi19,MUL_MAT,q4_K,f32,4096,512,14336,1,3795648.0,15.84,0.019,0.5625
rpi19,MUL_MAT,q5_0,f32,4096,1,14336,138,11311.62,10.38,3.575,0.6875
rpi19,MUL_MAT,q5_0,f32,4096,2,14336,70,18014.04,13.04,2.249,0.6875
rpi19,MUL_MAT,q5_0,f32,4096,3,14336,46,26563.93,13.26,1.528,0.6875
rpi19,MUL_MAT,q5_0,f32,4096,4,14336,36,35248.03,13.33,1.154,0.6875
rpi19,MUL_MAT,q5_0,f32,4096,5,14336,28,44044.14,13.33,0.925,0.6875
rpi19,MUL_MAT,q5_0,f32,4096,8,14336,18,69798.06,13.46,0.587,0.6875
rpi19,MUL_MAT,q5_0,f32,4096,512,14336,1,5402782.0,11.13,0.014,0.6875
rpi19,MUL_MAT,q5_1,f32,4096,1,14336,138,12275.3,9.57,3.594,0.75
rpi19,MUL_MAT,q5_1,f32,4096,2,14336,70,19674.67,11.94,2.246,0.75
rpi19,MUL_MAT,q5_1,f32,4096,3,14336,46,28586.26,12.32,1.548,0.75
rpi19,MUL_MAT,q5_1,f32,4096,4,14336,36,37957.92,12.38,1.168,0.75
rpi19,MUL_MAT,q5_1,f32,4096,5,14336,28,47740.96,12.3,0.93,0.75
rpi19,MUL_MAT,q5_1,f32,4096,8,14336,18,75645.28,12.42,0.59,0.75
rpi19,MUL_MAT,q5_1,f32,4096,512,14336,1,5938436.0,10.13,0.014,0.75
rpi19,MUL_MAT,q5_K,f32,4096,1,14336,138,11217.96,10.47,3.605,0.6875
rpi19,MUL_MAT,q5_K,f32,4096,2,14336,70,16493.44,14.24,2.457,0.6875
rpi19,MUL_MAT,q5_K,f32,4096,3,14336,46,24004.46,14.68,1.691,0.6875
rpi19,MUL_MAT,q5_K,f32,4096,4,14336,36,32342.19,14.52,1.257,0.6875
rpi19,MUL_MAT,q5_K,f32,4096,5,14336,28,41250.07,14.24,0.988,0.6875
rpi19,MUL_MAT,q5_K,f32,4096,8,14336,18,64798.44,14.5,0.632,0.6875
rpi19,MUL_MAT,q5_K,f32,4096,512,14336,1,4996654.0,12.03,0.016,0.6875
rpi19,MUL_MAT,q6_K,f32,4096,1,14336,138,12976.7,9.05,3.718,0.8203
rpi19,MUL_MAT,q6_K,f32,4096,2,14336,70,18384.66,12.78,2.628,0.8203
rpi19,MUL_MAT,q6_K,f32,4096,3,14336,46,27064.28,13.02,1.788,0.8203
rpi19,MUL_MAT,q6_K,f32,4096,4,14336,36,36116.56,13.01,1.342,0.8203
rpi19,MUL_MAT,q6_K,f32,4096,5,14336,28,45204.04,12.99,1.074,0.8203
rpi19,MUL_MAT,q6_K,f32,4096,8,14336,18,71658.78,13.11,0.68,0.8203
rpi19,MUL_MAT,q6_K,f32,4096,512,14336,1,5209719.0,11.54,0.016,0.8203
rpi19,MUL_MAT,q8_0,f32,4096,1,14336,69,16987.52,6.91,3.677,1.0625
rpi19,MUL_MAT,q8_0,f32,4096,2,14336,70,23473.79,10.01,2.664,1.0625
rpi19,MUL_MAT,q8_0,f32,4096,3,14336,46,29553.63,11.92,2.119,1.0625
rpi19,MUL_MAT,q8_0,f32,4096,4,14336,36,36394.64,12.91,1.722,1.0625
rpi19,MUL_MAT,q8_0,f32,4096,5,14336,28,44204.04,13.28,1.42,1.0625
rpi19,MUL_MAT,q8_0,f32,4096,8,14336,18,68500.94,13.72,0.919,1.0625
rpi19,MUL_MAT,q8_0,f32,4096,512,14336,1,4496583.0,13.37,0.022,1.0625
rpi20,MUL_MAT,bf16,f32,4096,1,14336,69,59971.13,1.96,1.96,2.0
rpi20,MUL_MAT,bf16,f32,4096,2,14336,35,120127.03,1.96,0.979,2.0
rpi20,MUL_MAT,bf16,f32,4096,3,14336,23,180167.35,1.96,0.653,2.0
rpi20,MUL_MAT,bf16,f32,4096,4,14336,18,240170.67,1.96,0.49,2.0
rpi20,MUL_MAT,bf16,f32,4096,5,14336,14,300117.36,1.96,0.393,2.0
rpi20,MUL_MAT,bf16,f32,4096,8,14336,9,480038.11,1.96,0.246,2.0
rpi20,MUL_MAT,bf16,f32,4096,512,14336,1,35004802.0,1.72,0.004,2.0
rpi20,MUL_MAT,f16,f32,4096,1,14336,69,33709.19,3.48,3.486,2.0
rpi20,MUL_MAT,f16,f32,4096,2,14336,35,34279.63,6.85,3.43,2.0
rpi20,MUL_MAT,f16,f32,4096,3,14336,46,34445.41,10.23,3.416,2.0
rpi20,MUL_MAT,f16,f32,4096,4,14336,36,42423.53,11.07,2.775,2.0
rpi20,MUL_MAT,f16,f32,4096,5,14336,28,61363.57,9.57,1.92,2.0
rpi20,MUL_MAT,f16,f32,4096,8,14336,18,85368.17,11.01,1.383,2.0
rpi20,MUL_MAT,f16,f32,4096,512,14336,1,8932553.0,6.73,0.017,2.0
rpi20,MUL_MAT,f32,f32,4096,1,14336,69,64330.28,1.83,3.652,4.0
rpi20,MUL_MAT,f32,f32,4096,2,14336,35,127402.57,1.84,1.845,4.0
rpi20,MUL_MAT,f32,f32,4096,3,14336,23,187940.78,1.87,1.251,4.0
rpi20,MUL_MAT,f32,f32,4096,4,14336,18,81947.5,5.73,2.87,4.0
rpi20,MUL_MAT,f32,f32,4096,5,14336,14,109294.36,5.37,2.152,4.0
rpi20,MUL_MAT,f32,f32,4096,8,14336,9,167916.67,5.6,1.402,4.0
rpi20,MUL_MAT,f32,f32,4096,512,14336,1,11094212.0,5.42,0.025,4.0
rpi20,MUL_MAT,iq1_m,f32,4096,1,14336,69,15118.35,7.77,0.855,0.2188
rpi20,MUL_MAT,iq1_m,f32,4096,2,14336,35,28586.2,8.22,0.455,0.2188
rpi20,MUL_MAT,iq1_m,f32,4096,3,14336,46,42136.78,8.36,0.31,0.2188
rpi20,MUL_MAT,iq1_m,f32,4096,4,14336,18,56321.11,8.34,0.233,0.2188
rpi20,MUL_MAT,iq1_m,f32,4096,5,14336,28,69959.43,8.39,0.189,0.2188
rpi20,MUL_MAT,iq1_m,f32,4096,8,14336,18,110944.39,8.47,0.121,0.2188
rpi20,MUL_MAT,iq1_m,f32,4096,512,14336,1,7030993.0,8.55,0.007,0.2188
rpi20,MUL_MAT,iq1_s,f32,4096,1,14336,138,11243.73,10.44,1.027,0.1953
rpi20,MUL_MAT,iq1_s,f32,4096,2,14336,70,20307.99,11.57,0.572,0.1953
rpi20,MUL_MAT,iq1_s,f32,4096,3,14336,46,29794.22,11.83,0.392,0.1953
rpi20,MUL_MAT,iq1_s,f32,4096,4,14336,36,40037.03,11.73,0.294,0.1953
rpi20,MUL_MAT,iq1_s,f32,4096,5,14336,28,49542.82,11.85,0.239,0.1953
rpi20,MUL_MAT,iq1_s,f32,4096,8,14336,18,77896.61,12.06,0.155,0.1953
rpi20,MUL_MAT,iq1_s,f32,4096,512,14336,1,4994002.0,12.04,0.01,0.1953
rpi20,MUL_MAT,iq2_s,f32,4096,1,14336,138,11856.12,9.91,1.593,0.3203
rpi20,MUL_MAT,iq2_s,f32,4096,2,14336,70,23217.09,10.12,0.816,0.3203
rpi20,MUL_MAT,iq2_s,f32,4096,3,14336,46,34557.65,10.2,0.551,0.3203
rpi20,MUL_MAT,iq2_s,f32,4096,4,14336,36,46425.64,10.12,0.411,0.3203
rpi20,MUL_MAT,iq2_s,f32,4096,5,14336,28,57759.36,10.17,0.332,0.3203
rpi20,MUL_MAT,iq2_s,f32,4096,8,14336,18,91870.89,10.23,0.211,0.3203
rpi20,MUL_MAT,iq2_s,f32,4096,512,14336,1,6084340.0,9.88,0.009,0.3203
rpi20,MUL_MAT,iq2_xs,f32,4096,1,14336,138,10769.79,10.9,1.583,0.2891
rpi20,MUL_MAT,iq2_xs,f32,4096,2,14336,70,19323.04,12.16,0.886,0.2891
rpi20,MUL_MAT,iq2_xs,f32,4096,3,14336,46,28628.33,12.31,0.601,0.2891
rpi20,MUL_MAT,iq2_xs,f32,4096,4,14336,36,38185.83,12.3,0.452,0.2891
rpi20,MUL_MAT,iq2_xs,f32,4096,5,14336,28,47604.36,12.34,0.364,0.2891
rpi20,MUL_MAT,iq2_xs,f32,4096,8,14336,18,76164.67,12.34,0.231,0.2891
rpi20,MUL_MAT,iq2_xs,f32,4096,512,14336,1,4798006.0,12.53,0.011,0.2891
rpi20,MUL_MAT,iq2_xxs,f32,4096,1,14336,138,8999.7,13.05,1.69,0.2578
rpi20,MUL_MAT,iq2_xxs,f32,4096,2,14336,70,17700.74,13.27,0.864,0.2578
rpi20,MUL_MAT,iq2_xxs,f32,4096,3,14336,46,26434.59,13.33,0.581,0.2578
rpi20,MUL_MAT,iq2_xxs,f32,4096,4,14336,36,35562.25,13.21,0.434,0.2578
rpi20,MUL_MAT,iq2_xxs,f32,4096,5,14336,28,44297.04,13.26,0.35,0.2578
rpi20,MUL_MAT,iq2_xxs,f32,4096,8,14336,18,70656.72,13.3,0.223,0.2578
rpi20,MUL_MAT,iq2_xxs,f32,4096,512,14336,1,4752474.0,12.65,0.011,0.2578
rpi20,MUL_MAT,iq3_s,f32,4096,1,14336,69,15509.48,7.57,1.632,0.4297
rpi20,MUL_MAT,iq3_s,f32,4096,2,14336,35,29468.71,7.97,0.861,0.4297
rpi20,MUL_MAT,iq3_s,f32,4096,3,14336,23,44117.26,7.99,0.577,0.4297
rpi20,MUL_MAT,iq3_s,f32,4096,4,14336,18,58818.67,7.99,0.434,0.4297
rpi20,MUL_MAT,iq3_s,f32,4096,5,14336,14,73507.29,7.99,0.348,0.4297
rpi20,MUL_MAT,iq3_s,f32,4096,8,14336,9,117599.44,7.99,0.22,0.4297
rpi20,MUL_MAT,iq3_s,f32,4096,512,14336,1,7562120.0,7.95,0.008,0.4297
rpi20,MUL_MAT,iq3_xxs,f32,4096,1,14336,138,11755.59,9.99,1.918,0.3828
rpi20,MUL_MAT,iq3_xxs,f32,4096,2,14336,70,23216.8,10.12,0.975,0.3828
rpi20,MUL_MAT,iq3_xxs,f32,4096,3,14336,46,34771.83,10.13,0.653,0.3828
rpi20,MUL_MAT,iq3_xxs,f32,4096,4,14336,36,46651.47,10.07,0.488,0.3828
rpi20,MUL_MAT,iq3_xxs,f32,4096,5,14336,28,58252.89,10.08,0.392,0.3828
rpi20,MUL_MAT,iq3_xxs,f32,4096,8,14336,18,93383.56,10.06,0.247,0.3828
rpi20,MUL_MAT,iq3_xxs,f32,4096,512,14336,1,5976695.0,10.06,0.01,0.3828
rpi20,MUL_MAT,iq4_nl,f32,4096,1,14336,138,9243.6,12.71,3.581,0.5625
rpi20,MUL_MAT,iq4_nl,f32,4096,2,14336,70,14979.06,15.68,2.215,0.5625
rpi20,MUL_MAT,iq4_nl,f32,4096,3,14336,46,22302.22,15.8,1.491,0.5625
rpi20,MUL_MAT,iq4_nl,f32,4096,4,14336,36,29964.03,15.68,1.112,0.5625
rpi20,MUL_MAT,iq4_nl,f32,4096,5,14336,28,37421.71,15.69,0.892,0.5625
rpi20,MUL_MAT,iq4_nl,f32,4096,8,14336,18,59798.17,15.71,0.562,0.5625
rpi20,MUL_MAT,iq4_nl,f32,4096,512,14336,1,3773915.0,15.93,0.019,0.5625
rpi20,MUL_MAT,iq4_xs,f32,4096,1,14336,138,8562.17,13.72,3.652,0.5312
rpi20,MUL_MAT,iq4_xs,f32,4096,2,14336,70,14312.61,16.41,2.19,0.5312
rpi20,MUL_MAT,iq4_xs,f32,4096,3,14336,69,21418.91,16.45,1.467,0.5312
rpi20,MUL_MAT,iq4_xs,f32,4096,4,14336,36,28706.56,16.36,1.097,0.5312
rpi20,MUL_MAT,iq4_xs,f32,4096,5,14336,28,35814.21,16.4,0.881,0.5312
rpi20,MUL_MAT,iq4_xs,f32,4096,8,14336,18,57105.11,16.45,0.557,0.5312
rpi20,MUL_MAT,iq4_xs,f32,4096,512,14336,1,3666744.0,16.4,0.019,0.5312
rpi20,MUL_MAT,q2_K,f32,4096,1,14336,207,6307.75,18.62,3.066,0.3281
rpi20,MUL_MAT,q2_K,f32,4096,2,14336,105,11910.04,19.72,1.63,0.3281
rpi20,MUL_MAT,q2_K,f32,4096,3,14336,69,17785.14,19.81,1.096,0.3281
rpi20,MUL_MAT,q2_K,f32,4096,4,14336,54,23818.17,19.72,0.821,0.3281
rpi20,MUL_MAT,q2_K,f32,4096,5,14336,42,29692.95,19.78,0.661,0.3281
rpi20,MUL_MAT,q2_K,f32,4096,8,14336,27,47704.07,19.69,0.416,0.3281
rpi20,MUL_MAT,q2_K,f32,4096,512,14336,1,3742647.0,16.07,0.015,0.3281
rpi20,MUL_MAT,q3_K,f32,4096,1,14336,138,8763.8,13.4,2.887,0.4297
rpi20,MUL_MAT,q3_K,f32,4096,2,14336,70,16849.47,13.94,1.506,0.4297
rpi20,MUL_MAT,q3_K,f32,4096,3,14336,46,25247.37,13.95,1.008,0.4297
rpi20,MUL_MAT,q3_K,f32,4096,4,14336,36,33855.94,13.88,0.754,0.4297
rpi20,MUL_MAT,q3_K,f32,4096,5,14336,28,42207.29,13.91,0.607,0.4297
rpi20,MUL_MAT,q3_K,f32,4096,8,14336,18,67708.06,13.88,0.381,0.4297
rpi20,MUL_MAT,q3_K,f32,4096,512,14336,1,5099952.0,11.79,0.012,0.4297
rpi20,MUL_MAT,q4_0,f32,4096,1,14336,138,9155.86,12.83,3.616,0.5625
rpi20,MUL_MAT,q4_0,f32,4096,2,14336,105,13204.77,17.79,2.513,0.5625
rpi20,MUL_MAT,q4_0,f32,4096,3,14336,69,19748.91,17.84,1.684,0.5625
rpi20,MUL_MAT,q4_0,f32,4096,4,14336,54,26670.69,17.61,1.25,0.5625
rpi20,MUL_MAT,q4_0,f32,4096,5,14336,42,33146.95,17.72,1.008,0.5625
rpi20,MUL_MAT,q4_0,f32,4096,8,14336,27,53204.41,17.66,0.632,0.5625
rpi20,MUL_MAT,q4_0,f32,4096,512,14336,1,3860728.0,15.57,0.018,0.5625
rpi20,MUL_MAT,q4_1,f32,4096,1,14336,138,10218.84,11.49,3.599,0.625
rpi20,MUL_MAT,q4_1,f32,4096,2,14336,105,14083.17,16.68,2.616,0.625
rpi20,MUL_MAT,q4_1,f32,4096,3,14336,69,21692.23,16.24,1.702,0.625
rpi20,MUL_MAT,q4_1,f32,4096,4,14336,36,28271.78,16.62,1.309,0.625
rpi20,MUL_MAT,q4_1,f32,4096,5,14336,42,35312.55,16.63,1.05,0.625
rpi20,MUL_MAT,q4_1,f32,4096,8,14336,27,55162.63,17.03,0.676,0.625
rpi20,MUL_MAT,q4_1,f32,4096,512,14336,1,4200420.0,14.32,0.018,0.625
rpi20,MUL_MAT,q4_K,f32,4096,1,14336,138,9095.6,12.91,3.64,0.5625
rpi20,MUL_MAT,q4_K,f32,4096,2,14336,105,12753.34,18.42,2.601,0.5625
rpi20,MUL_MAT,q4_K,f32,4096,3,14336,69,19968.35,17.64,1.665,0.5625
rpi20,MUL_MAT,q4_K,f32,4096,4,14336,54,26442.56,17.77,1.26,0.5625
rpi20,MUL_MAT,q4_K,f32,4096,5,14336,42,32648.64,17.99,1.023,0.5625
rpi20,MUL_MAT,q4_K,f32,4096,8,14336,27,50799.3,18.49,0.662,0.5625
rpi20,MUL_MAT,q4_K,f32,4096,512,14336,1,3546915.0,16.95,0.02,0.5625
rpi20,MUL_MAT,q5_0,f32,4096,1,14336,138,11284.17,10.41,3.584,0.6875
rpi20,MUL_MAT,q5_0,f32,4096,2,14336,70,17904.69,13.12,2.263,0.6875
rpi20,MUL_MAT,q5_0,f32,4096,3,14336,46,26379.7,13.36,1.539,0.6875
rpi20,MUL_MAT,q5_0,f32,4096,4,14336,36,35211.92,13.34,1.155,0.6875
rpi20,MUL_MAT,q5_0,f32,4096,5,14336,28,43891.07,13.38,0.928,0.6875
rpi20,MUL_MAT,q5_0,f32,4096,8,14336,18,69227.06,13.57,0.592,0.6875
rpi20,MUL_MAT,q5_0,f32,4096,512,14336,1,5358229.0,11.22,0.015,0.6875
rpi20,MUL_MAT,q5_1,f32,4096,1,14336,138,12280.01,9.56,3.592,0.75
rpi20,MUL_MAT,q5_1,f32,4096,2,14336,70,19575.69,12.0,2.257,0.75
rpi20,MUL_MAT,q5_1,f32,4096,3,14336,46,28667.83,12.29,1.544,0.75
rpi20,MUL_MAT,q5_1,f32,4096,4,14336,36,37967.86,12.37,1.168,0.75
rpi20,MUL_MAT,q5_1,f32,4096,5,14336,28,46939.39,12.51,0.946,0.75
rpi20,MUL_MAT,q5_1,f32,4096,8,14336,18,74041.11,12.69,0.603,0.75
rpi20,MUL_MAT,q5_1,f32,4096,512,14336,1,5601308.0,10.73,0.015,0.75
rpi20,MUL_MAT,q5_K,f32,4096,1,14336,138,11221.88,10.47,3.604,0.6875
rpi20,MUL_MAT,q5_K,f32,4096,2,14336,70,16129.99,14.56,2.512,0.6875
rpi20,MUL_MAT,q5_K,f32,4096,3,14336,46,24310.74,14.49,1.67,0.6875
rpi20,MUL_MAT,q5_K,f32,4096,4,14336,36,32374.47,14.51,1.256,0.6875
rpi20,MUL_MAT,q5_K,f32,4096,5,14336,28,40650.57,14.45,1.002,0.6875
rpi20,MUL_MAT,q5_K,f32,4096,8,14336,18,64030.33,14.67,0.64,0.6875
rpi20,MUL_MAT,q5_K,f32,4096,512,14336,1,4578130.0,13.13,0.017,0.6875
rpi20,MUL_MAT,q6_K,f32,4096,1,14336,138,12864.81,9.13,3.75,0.8203
rpi20,MUL_MAT,q6_K,f32,4096,2,14336,70,18123.69,12.96,2.666,0.8203
rpi20,MUL_MAT,q6_K,f32,4096,3,14336,46,28053.11,12.56,1.725,0.8203
rpi20,MUL_MAT,q6_K,f32,4096,4,14336,36,36564.33,12.85,1.325,0.8203
rpi20,MUL_MAT,q6_K,f32,4096,5,14336,28,44874.21,13.09,1.082,0.8203
rpi20,MUL_MAT,q6_K,f32,4096,8,14336,18,69936.5,13.43,0.697,0.8203
rpi20,MUL_MAT,q6_K,f32,4096,512,14336,1,4852216.0,12.39,0.018,0.8203
rpi20,MUL_MAT,q8_0,f32,4096,1,14336,69,16962.75,6.92,3.682,1.0625
rpi20,MUL_MAT,q8_0,f32,4096,2,14336,70,22997.83,10.21,2.719,1.0625
rpi20,MUL_MAT,q8_0,f32,4096,3,14336,46,28773.89,12.24,2.176,1.0625
rpi20,MUL_MAT,q8_0,f32,4096,4,14336,36,35423.06,13.26,1.77,1.0625
rpi20,MUL_MAT,q8_0,f32,4096,5,14336,28,43798.5,13.41,1.433,1.0625
rpi20,MUL_MAT,q8_0,f32,4096,8,14336,18,64897.22,14.48,0.97,1.0625
rpi20,MUL_MAT,q8_0,f32,4096,512,14336,1,4162830.0,14.44,0.024,1.0625
rpi22,MUL_MAT,bf16,f32,4096,1,14336,69,59923.7,1.96,1.961,2.0
rpi22,MUL_MAT,bf16,f32,4096,2,14336,35,120097.37,1.96,0.979,2.0
rpi22,MUL_MAT,bf16,f32,4096,3,14336,23,180107.13,1.96,0.653,2.0
rpi22,MUL_MAT,bf16,f32,4096,4,14336,18,240666.94,1.95,0.489,2.0
rpi22,MUL_MAT,bf16,f32,4096,5,14336,14,300657.57,1.95,0.392,2.0
rpi22,MUL_MAT,bf16,f32,4096,8,14336,9,481832.67,1.95,0.245,2.0
rpi22,MUL_MAT,bf16,f32,4096,512,14336,1,40442672.0,1.49,0.004,2.0
rpi22,MUL_MAT,f16,f32,4096,1,14336,69,33575.9,3.5,3.5,2.0
rpi22,MUL_MAT,f16,f32,4096,2,14336,35,34273.71,6.85,3.431,2.0
rpi22,MUL_MAT,f16,f32,4096,3,14336,46,34820.63,10.12,3.379,2.0
rpi22,MUL_MAT,f16,f32,4096,4,14336,36,42699.81,11.0,2.757,2.0
rpi22,MUL_MAT,f16,f32,4096,5,14336,14,72668.14,8.08,1.621,2.0
rpi22,MUL_MAT,f16,f32,4096,8,14336,18,84826.94,11.08,1.391,2.0
rpi22,MUL_MAT,f16,f32,4096,512,14336,1,10067854.0,5.97,0.015,2.0
rpi22,MUL_MAT,f32,f32,4096,1,14336,69,64557.65,1.82,3.639,4.0
rpi22,MUL_MAT,f32,f32,4096,2,14336,35,127491.6,1.84,1.843,4.0
rpi22,MUL_MAT,f32,f32,4096,3,14336,23,186730.0,1.89,1.259,4.0
rpi22,MUL_MAT,f32,f32,4096,4,14336,18,77428.0,6.07,3.037,4.0
rpi22,MUL_MAT,f32,f32,4096,5,14336,14,117301.14,5.01,2.006,4.0
rpi22,MUL_MAT,f32,f32,4096,8,14336,9,170860.78,5.5,1.378,4.0
rpi22,MUL_MAT,f32,f32,4096,512,14336,1,11390872.0,5.28,0.024,4.0
rpi22,MUL_MAT,iq1_m,f32,4096,1,14336,138,13686.39,8.58,0.944,0.2188
rpi22,MUL_MAT,iq1_m,f32,4096,2,14336,70,26643.86,8.82,0.488,0.2188
rpi22,MUL_MAT,iq1_m,f32,4096,3,14336,46,39889.74,8.83,0.328,0.2188
rpi22,MUL_MAT,iq1_m,f32,4096,4,14336,36,53066.31,8.85,0.248,0.2188
rpi22,MUL_MAT,iq1_m,f32,4096,5,14336,28,65872.46,8.91,0.201,0.2188
rpi22,MUL_MAT,iq1_m,f32,4096,8,14336,18,104721.06,8.97,0.128,0.2188
rpi22,MUL_MAT,iq1_m,f32,4096,512,14336,1,7203491.0,8.35,0.007,0.2188
rpi22,MUL_MAT,iq1_s,f32,4096,1,14336,138,9275.3,12.66,1.244,0.1953
rpi22,MUL_MAT,iq1_s,f32,4096,2,14336,70,17688.86,13.28,0.657,0.1953
rpi22,MUL_MAT,iq1_s,f32,4096,3,14336,46,26628.39,13.23,0.439,0.1953
rpi22,MUL_MAT,iq1_s,f32,4096,4,14336,36,35331.53,13.3,0.333,0.1953
rpi22,MUL_MAT,iq1_s,f32,4096,5,14336,28,43825.32,13.4,0.27,0.1953
rpi22,MUL_MAT,iq1_s,f32,4096,8,14336,18,69655.56,13.49,0.173,0.1953
rpi22,MUL_MAT,iq1_s,f32,4096,512,14336,1,5000290.0,12.03,0.01,0.1953
rpi22,MUL_MAT,iq2_s,f32,4096,1,14336,138,11630.39,10.1,1.624,0.3203
rpi22,MUL_MAT,iq2_s,f32,4096,2,14336,70,23197.51,10.13,0.817,0.3203
rpi22,MUL_MAT,iq2_s,f32,4096,3,14336,46,35013.28,10.06,0.544,0.3203
rpi22,MUL_MAT,iq2_s,f32,4096,4,14336,36,46554.86,10.09,0.41,0.3203
rpi22,MUL_MAT,iq2_s,f32,4096,5,14336,28,57877.32,10.15,0.331,0.3203
rpi22,MUL_MAT,iq2_s,f32,4096,8,14336,18,92148.06,10.2,0.211,0.3203
rpi22,MUL_MAT,iq2_s,f32,4096,512,14336,1,6882603.0,8.74,0.008,0.3203
rpi22,MUL_MAT,iq2_xs,f32,4096,1,14336,138,10732.38,10.94,1.588,0.2891
rpi22,MUL_MAT,iq2_xs,f32,4096,2,14336,70,20548.01,11.43,0.833,0.2891
rpi22,MUL_MAT,iq2_xs,f32,4096,3,14336,46,30787.63,11.44,0.559,0.2891
rpi22,MUL_MAT,iq2_xs,f32,4096,4,14336,36,40729.89,11.53,0.424,0.2891
rpi22,MUL_MAT,iq2_xs,f32,4096,5,14336,28,50391.86,11.65,0.344,0.2891
rpi22,MUL_MAT,iq2_xs,f32,4096,8,14336,18,79664.67,11.79,0.22,0.2891
rpi22,MUL_MAT,iq2_xs,f32,4096,512,14336,1,5297359.0,11.35,0.01,0.2891
rpi22,MUL_MAT,iq2_xxs,f32,4096,1,14336,138,8937.32,13.14,1.702,0.2578
rpi22,MUL_MAT,iq2_xxs,f32,4096,2,14336,70,17953.51,13.08,0.851,0.2578
rpi22,MUL_MAT,iq2_xxs,f32,4096,3,14336,46,26852.93,13.12,0.572,0.2578
rpi22,MUL_MAT,iq2_xxs,f32,4096,4,14336,36,35791.28,13.13,0.431,0.2578
rpi22,MUL_MAT,iq2_xxs,f32,4096,5,14336,28,44441.14,13.21,0.349,0.2578
rpi22,MUL_MAT,iq2_xxs,f32,4096,8,14336,18,70639.06,13.3,0.223,0.2578
rpi22,MUL_MAT,iq2_xxs,f32,4096,512,14336,1,5262793.0,11.43,0.01,0.2578
rpi22,MUL_MAT,iq3_s,f32,4096,1,14336,69,15099.12,7.78,1.676,0.4297
rpi22,MUL_MAT,iq3_s,f32,4096,2,14336,35,29870.51,7.86,0.85,0.4297
rpi22,MUL_MAT,iq3_s,f32,4096,3,14336,23,44557.26,7.91,0.571,0.4297
rpi22,MUL_MAT,iq3_s,f32,4096,4,14336,18,59265.39,7.93,0.431,0.4297
rpi22,MUL_MAT,iq3_s,f32,4096,5,14336,14,73939.57,7.94,0.346,0.4297
rpi22,MUL_MAT,iq3_s,f32,4096,8,14336,9,118245.33,7.95,0.218,0.4297
rpi22,MUL_MAT,iq3_s,f32,4096,512,14336,1,8151206.0,7.38,0.008,0.4297
rpi22,MUL_MAT,iq3_xxs,f32,4096,1,14336,138,11781.15,9.97,1.914,0.3828
rpi22,MUL_MAT,iq3_xxs,f32,4096,2,14336,70,23562.29,9.97,0.96,0.3828
rpi22,MUL_MAT,iq3_xxs,f32,4096,3,14336,46,35257.96,9.99,0.644,0.3828
rpi22,MUL_MAT,iq3_xxs,f32,4096,4,14336,36,47142.61,9.96,0.483,0.3828
rpi22,MUL_MAT,iq3_xxs,f32,4096,5,14336,28,58648.86,10.01,0.39,0.3828
rpi22,MUL_MAT,iq3_xxs,f32,4096,8,14336,18,93731.94,10.02,0.246,0.3828
rpi22,MUL_MAT,iq3_xxs,f32,4096,512,14336,1,6439869.0,9.34,0.009,0.3828
rpi22,MUL_MAT,iq4_nl,f32,4096,1,14336,138,9121.43,12.88,3.629,0.5625
rpi22,MUL_MAT,iq4_nl,f32,4096,2,14336,70,15212.64,15.44,2.181,0.5625
rpi22,MUL_MAT,iq4_nl,f32,4096,3,14336,46,22801.2,15.45,1.458,0.5625
rpi22,MUL_MAT,iq4_nl,f32,4096,4,14336,36,30263.06,15.52,1.101,0.5625
rpi22,MUL_MAT,iq4_nl,f32,4096,5,14336,28,37721.82,15.57,0.885,0.5625
rpi22,MUL_MAT,iq4_nl,f32,4096,8,14336,18,59932.61,15.68,0.561,0.5625
rpi22,MUL_MAT,iq4_nl,f32,4096,512,14336,1,3895291.0,15.44,0.018,0.5625
rpi22,MUL_MAT,iq4_xs,f32,4096,1,14336,138,8597.67,13.66,3.637,0.5312
rpi22,MUL_MAT,iq4_xs,f32,4096,2,14336,70,14560.06,16.13,2.153,0.5312
rpi22,MUL_MAT,iq4_xs,f32,4096,3,14336,46,21970.83,16.04,1.43,0.5312
rpi22,MUL_MAT,iq4_xs,f32,4096,4,14336,36,29127.03,16.13,1.081,0.5312
rpi22,MUL_MAT,iq4_xs,f32,4096,5,14336,28,36001.89,16.31,0.877,0.5312
rpi22,MUL_MAT,iq4_xs,f32,4096,8,14336,18,57157.17,16.44,0.556,0.5312
rpi22,MUL_MAT,iq4_xs,f32,4096,512,14336,1,4002081.0,15.02,0.017,0.5312
rpi22,MUL_MAT,q2_K,f32,4096,1,14336,207,6272.52,18.72,3.083,0.3281
rpi22,MUL_MAT,q2_K,f32,4096,2,14336,105,12041.31,19.51,1.612,0.3281
rpi22,MUL_MAT,q2_K,f32,4096,3,14336,69,18027.8,19.54,1.081,0.3281
rpi22,MUL_MAT,q2_K,f32,4096,4,14336,54,24017.93,19.56,0.814,0.3281
rpi22,MUL_MAT,q2_K,f32,4096,5,14336,42,29956.83,19.6,0.655,0.3281
rpi22,MUL_MAT,q2_K,f32,4096,8,14336,27,47674.44,19.71,0.417,0.3281
rpi22,MUL_MAT,q2_K,f32,4096,512,14336,1,4126638.0,14.57,0.014,0.3281
rpi22,MUL_MAT,q3_K,f32,4096,1,14336,138,8708.58,13.49,2.906,0.4297
rpi22,MUL_MAT,q3_K,f32,4096,2,14336,70,17077.39,13.75,1.486,0.4297
rpi22,MUL_MAT,q3_K,f32,4096,3,14336,46,25640.61,13.74,0.993,0.4297
rpi22,MUL_MAT,q3_K,f32,4096,4,14336,36,34264.06,13.71,0.745,0.4297
rpi22,MUL_MAT,q3_K,f32,4096,5,14336,28,42684.86,13.76,0.6,0.4297
rpi22,MUL_MAT,q3_K,f32,4096,8,14336,18,67826.06,13.85,0.381,0.4297
rpi22,MUL_MAT,q3_K,f32,4096,512,14336,1,5845610.0,10.29,0.011,0.4297
rpi22,MUL_MAT,q4_0,f32,4096,1,14336,138,9157.17,12.82,3.615,0.5625
rpi22,MUL_MAT,q4_0,f32,4096,2,14336,105,13578.47,17.3,2.443,0.5625
rpi22,MUL_MAT,q4_0,f32,4096,3,14336,69,20148.96,17.49,1.65,0.5625
rpi22,MUL_MAT,q4_0,f32,4096,4,14336,54,27347.94,17.18,1.219,0.5625
rpi22,MUL_MAT,q4_0,f32,4096,5,14336,42,34069.33,17.24,0.98,0.5625
rpi22,MUL_MAT,q4_0,f32,4096,8,14336,27,54103.93,17.37,0.621,0.5625
rpi22,MUL_MAT,q4_0,f32,4096,512,14336,1,4460350.0,13.48,0.016,0.5625
rpi22,MUL_MAT,q4_1,f32,4096,1,14336,138,10222.07,11.49,3.597,0.625
rpi22,MUL_MAT,q4_1,f32,4096,2,14336,70,14585.03,16.1,2.526,0.625
rpi22,MUL_MAT,q4_1,f32,4096,3,14336,46,21841.61,16.13,1.69,0.625
rpi22,MUL_MAT,q4_1,f32,4096,4,14336,36,29211.78,16.08,1.266,0.625
rpi22,MUL_MAT,q4_1,f32,4096,5,14336,28,36003.07,16.31,1.03,0.625
rpi22,MUL_MAT,q4_1,f32,4096,8,14336,27,55522.33,16.92,0.672,0.625
rpi22,MUL_MAT,q4_1,f32,4096,512,14336,1,4356287.0,13.8,0.017,0.625
rpi22,MUL_MAT,q4_K,f32,4096,1,14336,138,9129.68,12.86,3.626,0.5625
rpi22,MUL_MAT,q4_K,f32,4096,2,14336,105,12860.5,18.26,2.58,0.5625
rpi22,MUL_MAT,q4_K,f32,4096,3,14336,69,20025.86,17.59,1.66,0.5625
rpi22,MUL_MAT,q4_K,f32,4096,4,14336,54,26802.19,17.53,1.243,0.5625
rpi22,MUL_MAT,q4_K,f32,4096,5,14336,42,33288.19,17.64,1.003,0.5625
rpi22,MUL_MAT,q4_K,f32,4096,8,14336,27,51261.56,18.33,0.656,0.5625
rpi22,MUL_MAT,q4_K,f32,4096,512,14336,1,4348097.0,13.83,0.016,0.5625
rpi22,MUL_MAT,q5_0,f32,4096,1,14336,138,11294.38,10.4,3.581,0.6875
rpi22,MUL_MAT,q5_0,f32,4096,2,14336,70,18252.84,12.87,2.22,0.6875
rpi22,MUL_MAT,q5_0,f32,4096,3,14336,46,26850.78,13.12,1.512,0.6875
rpi22,MUL_MAT,q5_0,f32,4096,4,14336,36,35579.03,13.2,1.143,0.6875
rpi22,MUL_MAT,q5_0,f32,4096,5,14336,28,44058.75,13.33,0.925,0.6875
rpi22,MUL_MAT,q5_0,f32,4096,8,14336,18,69535.44,13.51,0.589,0.6875
rpi22,MUL_MAT,q5_0,f32,4096,512,14336,1,6057423.0,9.93,0.013,0.6875
rpi22,MUL_MAT,q5_1,f32,4096,1,14336,138,12287.46,9.56,3.59,0.75
rpi22,MUL_MAT,q5_1,f32,4096,2,14336,70,19569.66,12.0,2.258,0.75
rpi22,MUL_MAT,q5_1,f32,4096,3,14336,46,29342.26,12.01,1.508,0.75
rpi22,MUL_MAT,q5_1,f32,4096,4,14336,36,39535.31,11.88,1.121,0.75
rpi22,MUL_MAT,q5_1,f32,4096,5,14336,28,48714.07,12.05,0.912,0.75
rpi22,MUL_MAT,q5_1,f32,4096,8,14336,18,75413.17,12.46,0.592,0.75
rpi22,MUL_MAT,q5_1,f32,4096,512,14336,1,6508097.0,9.24,0.013,0.75
rpi22,MUL_MAT,q5_K,f32,4096,1,14336,138,11188.93,10.5,3.615,0.6875
rpi22,MUL_MAT,q5_K,f32,4096,2,14336,70,16535.6,14.2,2.45,0.6875
rpi22,MUL_MAT,q5_K,f32,4096,3,14336,46,24989.52,14.1,1.624,0.6875
rpi22,MUL_MAT,q5_K,f32,4096,4,14336,36,33234.81,14.13,1.224,0.6875
rpi22,MUL_MAT,q5_K,f32,4096,5,14336,28,41076.61,14.3,0.992,0.6875
rpi22,MUL_MAT,q5_K,f32,4096,8,14336,18,64075.44,14.66,0.639,0.6875
rpi22,MUL_MAT,q5_K,f32,4096,512,14336,1,5279784.0,11.39,0.015,0.6875
rpi22,MUL_MAT,q6_K,f32,4096,1,14336,138,12865.25,9.13,3.75,0.8203
rpi22,MUL_MAT,q6_K,f32,4096,2,14336,70,18403.79,12.76,2.625,0.8203
rpi22,MUL_MAT,q6_K,f32,4096,3,14336,46,27747.52,12.7,1.744,0.8203
rpi22,MUL_MAT,q6_K,f32,4096,4,14336,36,37578.86,12.5,1.29,0.8203
rpi22,MUL_MAT,q6_K,f32,4096,5,14336,28,45796.71,12.82,1.06,0.8203
rpi22,MUL_MAT,q6_K,f32,4096,8,14336,18,70104.56,13.4,0.696,0.8203
rpi22,MUL_MAT,q6_K,f32,4096,512,14336,1,5602847.0,10.73,0.015,0.8203
rpi22,MUL_MAT,q8_0,f32,4096,1,14336,69,16953.93,6.93,3.684,1.0625
rpi22,MUL_MAT,q8_0,f32,4096,2,14336,70,23403.89,10.04,2.672,1.0625
rpi22,MUL_MAT,q8_0,f32,4096,3,14336,46,30408.02,11.59,2.059,1.0625
rpi22,MUL_MAT,q8_0,f32,4096,4,14336,36,37764.94,12.44,1.66,1.0625
rpi22,MUL_MAT,q8_0,f32,4096,5,14336,28,44954.54,13.06,1.396,1.0625
rpi22,MUL_MAT,q8_0,f32,4096,8,14336,18,64706.28,14.52,0.973,1.0625
rpi22,MUL_MAT,q8_0,f32,4096,512,14336,1,4804162.0,12.52,0.021,1.0625
rpi24,MUL_MAT,bf16,f32,4096,1,14336,69,60008.38,1.96,1.958,2.0
rpi24,MUL_MAT,bf16,f32,4096,2,14336,35,120120.94,1.96,0.979,2.0
rpi24,MUL_MAT,bf16,f32,4096,3,14336,23,180115.96,1.96,0.653,2.0
rpi24,MUL_MAT,bf16,f32,4096,4,14336,18,240104.0,1.96,0.49,2.0
rpi24,MUL_MAT,bf16,f32,4096,5,14336,14,300111.36,1.96,0.393,2.0
rpi24,MUL_MAT,bf16,f32,4096,8,14336,9,479879.56,1.96,0.246,2.0
rpi24,MUL_MAT,bf16,f32,4096,512,14336,1,33622568.0,1.79,0.005,2.0
rpi24,MUL_MAT,f16,f32,4096,1,14336,69,33277.87,3.53,3.531,2.0
rpi24,MUL_MAT,f16,f32,4096,2,14336,35,34243.86,6.86,3.434,2.0
rpi24,MUL_MAT,f16,f32,4096,3,14336,46,34636.37,10.17,3.397,2.0
rpi24,MUL_MAT,f16,f32,4096,4,14336,36,42200.33,11.13,2.79,2.0
rpi24,MUL_MAT,f16,f32,4096,5,14336,28,62446.36,9.4,1.887,2.0
rpi24,MUL_MAT,f16,f32,4096,8,14336,18,97610.0,9.63,1.209,2.0
rpi24,MUL_MAT,f16,f32,4096,512,14336,1,10295810.0,5.84,0.015,2.0
rpi24,MUL_MAT,f32,f32,4096,1,14336,69,64476.01,1.82,3.644,4.0
rpi24,MUL_MAT,f32,f32,4096,2,14336,35,126721.4,1.85,1.855,4.0
rpi24,MUL_MAT,f32,f32,4096,3,14336,23,187350.43,1.88,1.255,4.0
rpi24,MUL_MAT,f32,f32,4096,4,14336,18,81160.17,5.79,2.898,4.0
rpi24,MUL_MAT,f32,f32,4096,5,14336,14,107962.29,5.44,2.179,4.0
rpi24,MUL_MAT,f32,f32,4096,8,14336,9,167248.67,5.62,1.408,4.0
rpi24,MUL_MAT,f32,f32,4096,512,14336,1,11369671.0,5.29,0.024,4.0
rpi24,MUL_MAT,iq1_m,f32,4096,1,14336,69,15655.88,7.5,0.825,0.2188
rpi24,MUL_MAT,iq1_m,f32,4096,2,14336,35,30537.77,7.69,0.425,0.2188
rpi24,MUL_MAT,iq1_m,f32,4096,3,14336,23,44672.48,7.89,0.292,0.2188
rpi24,MUL_MAT,iq1_m,f32,4096,4,14336,18,58464.94,8.03,0.225,0.2188
rpi24,MUL_MAT,iq1_m,f32,4096,5,14336,14,72503.64,8.1,0.182,0.2188
rpi24,MUL_MAT,iq1_m,f32,4096,8,14336,9,115594.89,8.13,0.116,0.2188
rpi24,MUL_MAT,iq1_m,f32,4096,512,14336,1,7276433.0,8.26,0.007,0.2188
rpi24,MUL_MAT,iq1_s,f32,4096,1,14336,138,11834.93,9.92,0.975,0.1953
rpi24,MUL_MAT,iq1_s,f32,4096,2,14336,70,22923.43,10.25,0.507,0.1953
rpi24,MUL_MAT,iq1_s,f32,4096,3,14336,46,33317.43,10.57,0.351,0.1953
rpi24,MUL_MAT,iq1_s,f32,4096,4,14336,36,43243.53,10.86,0.272,0.1953
rpi24,MUL_MAT,iq1_s,f32,4096,5,14336,28,53426.61,10.99,0.222,0.1953
rpi24,MUL_MAT,iq1_s,f32,4096,8,14336,18,85066.17,11.04,0.142,0.1953
rpi24,MUL_MAT,iq1_s,f32,4096,512,14336,1,5279864.0,11.39,0.009,0.1953
rpi24,MUL_MAT,iq2_s,f32,4096,1,14336,138,11797.5,9.95,1.601,0.3203
rpi24,MUL_MAT,iq2_s,f32,4096,2,14336,70,23202.14,10.12,0.817,0.3203
rpi24,MUL_MAT,iq2_s,f32,4096,3,14336,46,34385.37,10.25,0.553,0.3203
rpi24,MUL_MAT,iq2_s,f32,4096,4,14336,36,45722.11,10.27,0.418,0.3203
rpi24,MUL_MAT,iq2_s,f32,4096,5,14336,28,56910.82,10.32,0.337,0.3203
rpi24,MUL_MAT,iq2_s,f32,4096,8,14336,18,90381.61,10.4,0.215,0.3203
rpi24,MUL_MAT,iq2_s,f32,4096,512,14336,1,5833059.0,10.31,0.01,0.3203
rpi24,MUL_MAT,iq2_xs,f32,4096,1,14336,138,10032.8,11.71,1.699,0.2891
rpi24,MUL_MAT,iq2_xs,f32,4096,2,14336,70,19353.57,12.14,0.885,0.2891
rpi24,MUL_MAT,iq2_xs,f32,4096,3,14336,46,28616.13,12.31,0.601,0.2891
rpi24,MUL_MAT,iq2_xs,f32,4096,4,14336,36,38264.33,12.28,0.451,0.2891
rpi24,MUL_MAT,iq2_xs,f32,4096,5,14336,28,47487.57,12.37,0.365,0.2891
rpi24,MUL_MAT,iq2_xs,f32,4096,8,14336,18,75249.61,12.49,0.233,0.2891
rpi24,MUL_MAT,iq2_xs,f32,4096,512,14336,1,4728818.0,12.72,0.012,0.2891
rpi24,MUL_MAT,iq2_xxs,f32,4096,1,14336,138,9209.22,12.75,1.652,0.2578
rpi24,MUL_MAT,iq2_xxs,f32,4096,2,14336,70,18042.43,13.02,0.847,0.2578
rpi24,MUL_MAT,iq2_xxs,f32,4096,3,14336,46,26704.5,13.19,0.575,0.2578
rpi24,MUL_MAT,iq2_xxs,f32,4096,4,14336,36,35447.67,13.25,0.435,0.2578
rpi24,MUL_MAT,iq2_xxs,f32,4096,5,14336,28,44166.64,13.3,0.351,0.2578
rpi24,MUL_MAT,iq2_xxs,f32,4096,8,14336,18,70388.78,13.35,0.223,0.2578
rpi24,MUL_MAT,iq2_xxs,f32,4096,512,14336,1,4613222.0,13.03,0.011,0.2578
rpi24,MUL_MAT,iq3_s,f32,4096,1,14336,69,15199.42,7.73,1.665,0.4297
rpi24,MUL_MAT,iq3_s,f32,4096,2,14336,35,29872.26,7.86,0.85,0.4297
rpi24,MUL_MAT,iq3_s,f32,4096,3,14336,23,44520.3,7.91,0.572,0.4297
rpi24,MUL_MAT,iq3_s,f32,4096,4,14336,18,59179.28,7.94,0.431,0.4297
rpi24,MUL_MAT,iq3_s,f32,4096,5,14336,14,73829.43,7.95,0.347,0.4297
rpi24,MUL_MAT,iq3_s,f32,4096,8,14336,9,117987.89,7.96,0.219,0.4297
rpi24,MUL_MAT,iq3_s,f32,4096,512,14336,1,7512618.0,8.0,0.008,0.4297
rpi24,MUL_MAT,iq3_xxs,f32,4096,1,14336,138,11887.53,9.88,1.897,0.3828
rpi24,MUL_MAT,iq3_xxs,f32,4096,2,14336,70,23591.7,9.96,0.959,0.3828
rpi24,MUL_MAT,iq3_xxs,f32,4096,3,14336,46,35137.04,10.03,0.646,0.3828
rpi24,MUL_MAT,iq3_xxs,f32,4096,4,14336,36,46813.61,10.03,0.486,0.3828
rpi24,MUL_MAT,iq3_xxs,f32,4096,5,14336,28,58473.32,10.04,0.391,0.3828
rpi24,MUL_MAT,iq3_xxs,f32,4096,8,14336,18,93137.39,10.09,0.248,0.3828
rpi24,MUL_MAT,iq3_xxs,f32,4096,512,14336,1,5925138.0,10.15,0.01,0.3828
rpi24,MUL_MAT,iq4_nl,f32,4096,1,14336,138,9231.9,12.72,3.586,0.5625
rpi24,MUL_MAT,iq4_nl,f32,4096,2,14336,70,15395.51,15.26,2.155,0.5625
rpi24,MUL_MAT,iq4_nl,f32,4096,3,14336,46,22734.35,15.5,1.463,0.5625
rpi24,MUL_MAT,iq4_nl,f32,4096,4,14336,36,30312.64,15.5,1.099,0.5625
rpi24,MUL_MAT,iq4_nl,f32,4096,5,14336,28,37634.11,15.6,0.887,0.5625
rpi24,MUL_MAT,iq4_nl,f32,4096,8,14336,18,59938.67,15.67,0.561,0.5625
rpi24,MUL_MAT,iq4_nl,f32,4096,512,14336,1,3780247.0,15.91,0.019,0.5625
rpi24,MUL_MAT,iq4_xs,f32,4096,1,14336,138,8611.25,13.64,3.631,0.5312
rpi24,MUL_MAT,iq4_xs,f32,4096,2,14336,70,14475.0,16.23,2.165,0.5312
rpi24,MUL_MAT,iq4_xs,f32,4096,3,14336,69,21602.23,16.31,1.454,0.5312
rpi24,MUL_MAT,iq4_xs,f32,4096,4,14336,36,28750.19,16.34,1.095,0.5312
rpi24,MUL_MAT,iq4_xs,f32,4096,5,14336,28,35740.71,16.43,0.883,0.5312
rpi24,MUL_MAT,iq4_xs,f32,4096,8,14336,18,56818.17,16.54,0.559,0.5312
rpi24,MUL_MAT,iq4_xs,f32,4096,512,14336,1,3590232.0,16.75,0.019,0.5312
rpi24,MUL_MAT,q2_K,f32,4096,1,14336,207,6266.04,18.74,3.087,0.3281
rpi24,MUL_MAT,q2_K,f32,4096,2,14336,105,12045.85,19.5,1.612,0.3281
rpi24,MUL_MAT,q2_K,f32,4096,3,14336,69,17915.35,19.67,1.088,0.3281
rpi24,MUL_MAT,q2_K,f32,4096,4,14336,54,23853.35,19.69,0.82,0.3281
rpi24,MUL_MAT,q2_K,f32,4096,5,14336,42,29720.52,19.76,0.661,0.3281
rpi24,MUL_MAT,q2_K,f32,4096,8,14336,27,47441.22,19.8,0.419,0.3281
rpi24,MUL_MAT,q2_K,f32,4096,512,14336,1,3428370.0,17.54,0.017,0.3281
rpi24,MUL_MAT,q3_K,f32,4096,1,14336,138,8773.54,13.39,2.884,0.4297
rpi24,MUL_MAT,q3_K,f32,4096,2,14336,70,17059.8,13.77,1.488,0.4297
rpi24,MUL_MAT,q3_K,f32,4096,3,14336,46,25429.5,13.85,1.001,0.4297
rpi24,MUL_MAT,q3_K,f32,4096,4,14336,36,33968.36,13.83,0.751,0.4297
rpi24,MUL_MAT,q3_K,f32,4096,5,14336,28,42258.75,13.9,0.606,0.4297
rpi24,MUL_MAT,q3_K,f32,4096,8,14336,18,67406.06,13.94,0.383,0.4297
rpi24,MUL_MAT,q3_K,f32,4096,512,14336,1,4899431.0,12.27,0.013,0.4297
rpi24,MUL_MAT,q4_0,f32,4096,1,14336,138,9261.69,12.68,3.574,0.5625
rpi24,MUL_MAT,q4_0,f32,4096,2,14336,105,13592.19,17.28,2.441,0.5625
rpi24,MUL_MAT,q4_0,f32,4096,3,14336,69,20078.06,17.55,1.656,0.5625
rpi24,MUL_MAT,q4_0,f32,4096,4,14336,54,26815.02,17.52,1.243,0.5625
rpi24,MUL_MAT,q4_0,f32,4096,5,14336,42,33423.6,17.57,0.999,0.5625
rpi24,MUL_MAT,q4_0,f32,4096,8,14336,27,53538.0,17.55,0.628,0.5625
rpi24,MUL_MAT,q4_0,f32,4096,512,14336,1,3720198.0,16.16,0.019,0.5625
rpi24,MUL_MAT,q4_1,f32,4096,1,14336,138,10182.54,11.53,3.611,0.625
rpi24,MUL_MAT,q4_1,f32,4096,2,14336,105,14049.07,16.72,2.623,0.625
rpi24,MUL_MAT,q4_1,f32,4096,3,14336,69,20689.13,17.03,1.785,0.625
rpi24,MUL_MAT,q4_1,f32,4096,4,14336,36,27954.39,16.8,1.323,0.625
rpi24,MUL_MAT,q4_1,f32,4096,5,14336,42,35176.36,16.69,1.054,0.625
rpi24,MUL_MAT,q4_1,f32,4096,8,14336,27,54992.52,17.08,0.678,0.625
rpi24,MUL_MAT,q4_1,f32,4096,512,14336,1,3612959.0,16.64,0.021,0.625
rpi24,MUL_MAT,q4_K,f32,4096,1,14336,138,9135.43,12.86,3.624,0.5625
rpi24,MUL_MAT,q4_K,f32,4096,2,14336,105,12603.8,18.64,2.632,0.5625
rpi24,MUL_MAT,q4_K,f32,4096,3,14336,69,18749.71,18.79,1.773,0.5625
rpi24,MUL_MAT,q4_K,f32,4096,4,14336,54,25462.56,18.45,1.309,0.5625
rpi24,MUL_MAT,q4_K,f32,4096,5,14336,42,31916.33,18.4,1.046,0.5625
rpi24,MUL_MAT,q4_K,f32,4096,8,14336,27,50324.26,18.67,0.668,0.5625
rpi24,MUL_MAT,q4_K,f32,4096,512,14336,1,3560211.0,16.89,0.02,0.5625
rpi24,MUL_MAT,q5_0,f32,4096,1,14336,138,11301.2,10.39,3.579,0.6875
rpi24,MUL_MAT,q5_0,f32,4096,2,14336,70,18195.96,12.91,2.227,0.6875
rpi24,MUL_MAT,q5_0,f32,4096,3,14336,46,26659.65,13.22,1.523,0.6875
rpi24,MUL_MAT,q5_0,f32,4096,4,14336,36,35301.14,13.31,1.152,0.6875
rpi24,MUL_MAT,q5_0,f32,4096,5,14336,28,43754.57,13.42,0.931,0.6875
rpi24,MUL_MAT,q5_0,f32,4096,8,14336,18,69527.33,13.51,0.589,0.6875
rpi24,MUL_MAT,q5_0,f32,4096,512,14336,1,4858631.0,12.38,0.016,0.6875
rpi24,MUL_MAT,q5_1,f32,4096,1,14336,138,12232.88,9.6,3.606,0.75
rpi24,MUL_MAT,q5_1,f32,4096,2,14336,70,19594.33,11.99,2.255,0.75
rpi24,MUL_MAT,q5_1,f32,4096,3,14336,46,29255.0,12.04,1.513,0.75
rpi24,MUL_MAT,q5_1,f32,4096,4,14336,36,37764.31,12.44,1.174,0.75
rpi24,MUL_MAT,q5_1,f32,4096,5,14336,28,47187.0,12.44,0.941,0.75
rpi24,MUL_MAT,q5_1,f32,4096,8,14336,18,73699.33,12.75,0.606,0.75
rpi24,MUL_MAT,q5_1,f32,4096,512,14336,1,5722251.0,10.51,0.014,0.75
rpi24,MUL_MAT,q5_K,f32,4096,1,14336,138,11223.43,10.46,3.604,0.6875
rpi24,MUL_MAT,q5_K,f32,4096,2,14336,70,16361.97,14.36,2.476,0.6875
rpi24,MUL_MAT,q5_K,f32,4096,3,14336,46,23814.8,14.79,1.704,0.6875
rpi24,MUL_MAT,q5_K,f32,4096,4,14336,36,31970.64,14.69,1.272,0.6875
rpi24,MUL_MAT,q5_K,f32,4096,5,14336,28,39948.89,14.7,1.02,0.6875
rpi24,MUL_MAT,q5_K,f32,4096,8,14336,18,63066.11,14.9,0.649,0.6875
rpi24,MUL_MAT,q5_K,f32,4096,512,14336,1,4559839.0,13.19,0.017,0.6875
rpi24,MUL_MAT,q6_K,f32,4096,1,14336,138,13038.34,9.01,3.7,0.8203
rpi24,MUL_MAT,q6_K,f32,4096,2,14336,70,18224.66,12.89,2.651,0.8203
rpi24,MUL_MAT,q6_K,f32,4096,3,14336,46,26262.11,13.42,1.843,0.8203
rpi24,MUL_MAT,q6_K,f32,4096,4,14336,36,34860.78,13.48,1.39,0.8203
rpi24,MUL_MAT,q6_K,f32,4096,5,14336,28,43106.25,13.62,1.126,0.8203
rpi24,MUL_MAT,q6_K,f32,4096,8,14336,18,67647.67,13.89,0.721,0.8203
rpi24,MUL_MAT,q6_K,f32,4096,512,14336,1,4869977.0,12.35,0.018,0.8203
rpi24,MUL_MAT,q8_0,f32,4096,1,14336,69,16986.65,6.91,3.677,1.0625
rpi24,MUL_MAT,q8_0,f32,4096,2,14336,70,23541.74,9.98,2.656,1.0625
rpi24,MUL_MAT,q8_0,f32,4096,3,14336,46,29201.57,12.07,2.144,1.0625
rpi24,MUL_MAT,q8_0,f32,4096,4,14336,36,35581.94,13.2,1.762,1.0625
rpi24,MUL_MAT,q8_0,f32,4096,5,14336,28,42838.0,13.71,1.465,1.0625
rpi24,MUL_MAT,q8_0,f32,4096,8,14336,18,64692.06,14.52,0.974,1.0625
rpi24,MUL_MAT,q8_0,f32,4096,512,14336,1,4056547.0,14.82,0.025,1.0625
rpi25,MUL_MAT,bf16,f32,4096,1,14336,69,59927.84,1.96,1.961,2.0
rpi25,MUL_MAT,bf16,f32,4096,2,14336,35,120049.77,1.96,0.979,2.0
rpi25,MUL_MAT,bf16,f32,4096,3,14336,23,179796.13,1.96,0.654,2.0
rpi25,MUL_MAT,bf16,f32,4096,4,14336,18,239856.06,1.96,0.491,2.0
rpi25,MUL_MAT,bf16,f32,4096,5,14336,14,300094.79,1.96,0.393,2.0
rpi25,MUL_MAT,bf16,f32,4096,8,14336,9,479384.78,1.96,0.246,2.0
rpi25,MUL_MAT,bf16,f32,4096,512,14336,1,33106295.0,1.82,0.005,2.0
rpi25,MUL_MAT,f16,f32,4096,1,14336,69,33125.57,3.55,3.548,2.0
rpi25,MUL_MAT,f16,f32,4096,2,14336,35,34287.51,6.85,3.429,2.0
rpi25,MUL_MAT,f16,f32,4096,3,14336,46,34913.43,10.09,3.37,2.0
rpi25,MUL_MAT,f16,f32,4096,4,14336,36,41685.19,11.27,2.824,2.0
rpi25,MUL_MAT,f16,f32,4096,5,14336,28,60233.18,9.75,1.956,2.0
rpi25,MUL_MAT,f16,f32,4096,8,14336,18,84571.89,11.11,1.396,2.0
rpi25,MUL_MAT,f16,f32,4096,512,14336,1,9173722.0,6.55,0.017,2.0
rpi25,MUL_MAT,f32,f32,4096,1,14336,69,64617.93,1.82,3.636,4.0
rpi25,MUL_MAT,f32,f32,4096,2,14336,35,126986.03,1.85,1.851,4.0
rpi25,MUL_MAT,f32,f32,4096,3,14336,23,186324.04,1.89,1.262,4.0
rpi25,MUL_MAT,f32,f32,4096,4,14336,18,86312.33,5.44,2.725,4.0
rpi25,MUL_MAT,f32,f32,4096,5,14336,14,112726.36,5.21,2.087,4.0
rpi25,MUL_MAT,f32,f32,4096,8,14336,9,171478.33,5.48,1.373,4.0
rpi25,MUL_MAT,f32,f32,4096,512,14336,1,11329151.0,5.31,0.024,4.0
rpi25,MUL_MAT,iq1_m,f32,4096,1,14336,69,14933.01,7.86,0.865,0.2188
rpi25,MUL_MAT,iq1_m,f32,4096,2,14336,35,28953.71,8.11,0.449,0.2188
rpi25,MUL_MAT,iq1_m,f32,4096,3,14336,46,42581.02,8.27,0.307,0.2188
rpi25,MUL_MAT,iq1_m,f32,4096,4,14336,18,55779.61,8.42,0.236,0.2188
rpi25,MUL_MAT,iq1_m,f32,4096,5,14336,28,69383.54,8.46,0.19,0.2188
rpi25,MUL_MAT,iq1_m,f32,4096,8,14336,18,110171.67,8.53,0.122,0.2188
rpi25,MUL_MAT,iq1_m,f32,4096,512,14336,1,6946018.0,8.66,0.007,0.2188
rpi25,MUL_MAT,iq1_s,f32,4096,1,14336,138,10857.28,10.82,1.063,0.1953
rpi25,MUL_MAT,iq1_s,f32,4096,2,14336,70,20790.53,11.3,0.559,0.1953
rpi25,MUL_MAT,iq1_s,f32,4096,3,14336,46,30223.57,11.66,0.387,0.1953
rpi25,MUL_MAT,iq1_s,f32,4096,4,14336,36,38941.53,12.06,0.302,0.1953
rpi25,MUL_MAT,iq1_s,f32,4096,5,14336,28,48386.0,12.14,0.245,0.1953
rpi25,MUL_MAT,iq1_s,f32,4096,8,14336,18,76339.22,12.31,0.158,0.1953
rpi25,MUL_MAT,iq1_s,f32,4096,512,14336,1,4832857.0,12.44,0.01,0.1953
rpi25,MUL_MAT,iq2_s,f32,4096,1,14336,138,13011.17,9.03,1.451,0.3203
rpi25,MUL_MAT,iq2_s,f32,4096,2,14336,70,24408.17,9.62,0.777,0.3203
rpi25,MUL_MAT,iq2_s,f32,4096,3,14336,46,36113.24,9.76,0.527,0.3203
rpi25,MUL_MAT,iq2_s,f32,4096,4,14336,36,48873.42,9.61,0.391,0.3203
rpi25,MUL_MAT,iq2_s,f32,4096,5,14336,28,60594.11,9.69,0.316,0.3203
rpi25,MUL_MAT,iq2_s,f32,4096,8,14336,18,96237.83,9.76,0.202,0.3203
rpi25,MUL_MAT,iq2_s,f32,4096,512,14336,1,6087131.0,9.88,0.009,0.3203
rpi25,MUL_MAT,iq2_xs,f32,4096,1,14336,138,10001.52,11.74,1.704,0.2891
rpi25,MUL_MAT,iq2_xs,f32,4096,2,14336,70,19460.49,12.07,0.88,0.2891
rpi25,MUL_MAT,iq2_xs,f32,4096,3,14336,46,28868.8,12.2,0.596,0.2891
rpi25,MUL_MAT,iq2_xs,f32,4096,4,14336,36,38718.03,12.13,0.446,0.2891
rpi25,MUL_MAT,iq2_xs,f32,4096,5,14336,28,48026.21,12.23,0.361,0.2891
rpi25,MUL_MAT,iq2_xs,f32,4096,8,14336,18,76513.72,12.28,0.23,0.2891
rpi25,MUL_MAT,iq2_xs,f32,4096,512,14336,1,4765254.0,12.62,0.011,0.2891
rpi25,MUL_MAT,iq2_xxs,f32,4096,1,14336,138,8948.98,13.12,1.7,0.2578
rpi25,MUL_MAT,iq2_xxs,f32,4096,2,14336,70,17942.63,13.09,0.852,0.2578
rpi25,MUL_MAT,iq2_xxs,f32,4096,3,14336,46,26640.57,13.23,0.577,0.2578
rpi25,MUL_MAT,iq2_xxs,f32,4096,4,14336,36,35669.78,13.17,0.433,0.2578
rpi25,MUL_MAT,iq2_xxs,f32,4096,5,14336,28,44469.29,13.2,0.349,0.2578
rpi25,MUL_MAT,iq2_xxs,f32,4096,8,14336,18,70525.33,13.32,0.223,0.2578
rpi25,MUL_MAT,iq2_xxs,f32,4096,512,14336,1,4543342.0,13.23,0.012,0.2578
rpi25,MUL_MAT,iq3_s,f32,4096,1,14336,69,15119.83,7.77,1.674,0.4297
rpi25,MUL_MAT,iq3_s,f32,4096,2,14336,35,30013.06,7.83,0.846,0.4297
rpi25,MUL_MAT,iq3_s,f32,4096,3,14336,23,44592.3,7.9,0.571,0.4297
rpi25,MUL_MAT,iq3_s,f32,4096,4,14336,18,59603.5,7.88,0.428,0.4297
rpi25,MUL_MAT,iq3_s,f32,4096,5,14336,14,74370.86,7.9,0.344,0.4297
rpi25,MUL_MAT,iq3_s,f32,4096,8,14336,9,118250.0,7.95,0.218,0.4297
rpi25,MUL_MAT,iq3_s,f32,4096,512,14336,1,7495096.0,8.02,0.008,0.4297
rpi25,MUL_MAT,iq3_xxs,f32,4096,1,14336,138,11736.17,10.01,1.922,0.3828
rpi25,MUL_MAT,iq3_xxs,f32,4096,2,14336,70,23529.89,9.98,0.962,0.3828
rpi25,MUL_MAT,iq3_xxs,f32,4096,3,14336,46,35115.83,10.03,0.646,0.3828
rpi25,MUL_MAT,iq3_xxs,f32,4096,4,14336,36,47142.33,9.96,0.483,0.3828
rpi25,MUL_MAT,iq3_xxs,f32,4096,5,14336,28,58687.36,10.01,0.389,0.3828
rpi25,MUL_MAT,iq3_xxs,f32,4096,8,14336,18,93412.33,10.06,0.247,0.3828
rpi25,MUL_MAT,iq3_xxs,f32,4096,512,14336,1,5919231.0,10.16,0.01,0.3828
rpi25,MUL_MAT,iq4_nl,f32,4096,1,14336,138,9175.04,12.8,3.608,0.5625
rpi25,MUL_MAT,iq4_nl,f32,4096,2,14336,70,15171.17,15.48,2.187,0.5625
rpi25,MUL_MAT,iq4_nl,f32,4096,3,14336,46,22549.28,15.62,1.475,0.5625
rpi25,MUL_MAT,iq4_nl,f32,4096,4,14336,36,30162.22,15.57,1.105,0.5625
rpi25,MUL_MAT,iq4_nl,f32,4096,5,14336,28,37618.46,15.61,0.888,0.5625
rpi25,MUL_MAT,iq4_nl,f32,4096,8,14336,18,59780.17,15.72,0.562,0.5625
rpi25,MUL_MAT,iq4_nl,f32,4096,512,14336,1,3776487.0,15.92,0.019,0.5625
rpi25,MUL_MAT,iq4_xs,f32,4096,1,14336,138,8516.52,13.79,3.672,0.5312
rpi25,MUL_MAT,iq4_xs,f32,4096,2,14336,70,14677.2,16.0,2.135,0.5312
rpi25,MUL_MAT,iq4_xs,f32,4096,3,14336,46,21931.33,16.06,1.432,0.5312
rpi25,MUL_MAT,iq4_xs,f32,4096,4,14336,36,29153.31,16.11,1.08,0.5312
rpi25,MUL_MAT,iq4_xs,f32,4096,5,14336,28,36180.93,16.23,0.872,0.5312
rpi25,MUL_MAT,iq4_xs,f32,4096,8,14336,18,57194.61,16.43,0.556,0.5312
rpi25,MUL_MAT,iq4_xs,f32,4096,512,14336,1,3586100.0,16.77,0.019,0.5312
rpi25,MUL_MAT,q2_K,f32,4096,1,14336,207,6253.87,18.78,3.093,0.3281
rpi25,MUL_MAT,q2_K,f32,4096,2,14336,105,12067.5,19.46,1.609,0.3281
rpi25,MUL_MAT,q2_K,f32,4096,3,14336,69,17902.99,19.68,1.089,0.3281
rpi25,MUL_MAT,q2_K,f32,4096,4,14336,54,24204.78,19.41,0.808,0.3281
rpi25,MUL_MAT,q2_K,f32,4096,5,14336,42,30052.62,19.54,0.653,0.3281
rpi25,MUL_MAT,q2_K,f32,4096,8,14336,27,47696.04,19.7,0.416,0.3281
rpi25,MUL_MAT,q2_K,f32,4096,512,14336,1,3333744.0,18.04,0.017,0.3281
rpi25,MUL_MAT,q3_K,f32,4096,1,14336,138,8676.72,13.54,2.916,0.4297
rpi25,MUL_MAT,q3_K,f32,4096,2,14336,70,17114.1,13.72,1.483,0.4297
rpi25,MUL_MAT,q3_K,f32,4096,3,14336,46,25448.87,13.84,1.0,0.4297
rpi25,MUL_MAT,q3_K,f32,4096,4,14336,36,34364.81,13.67,0.743,0.4297
rpi25,MUL_MAT,q3_K,f32,4096,5,14336,28,42699.86,13.75,0.6,0.4297
rpi25,MUL_MAT,q3_K,f32,4096,8,14336,18,67761.67,13.87,0.381,0.4297
rpi25,MUL_MAT,q3_K,f32,4096,512,14336,1,4687914.0,12.83,0.013,0.4297
rpi25,MUL_MAT,q4_0,f32,4096,1,14336,138,9111.19,12.89,3.633,0.5625
rpi25,MUL_MAT,q4_0,f32,4096,2,14336,105,13484.85,17.42,2.46,0.5625
rpi25,MUL_MAT,q4_0,f32,4096,3,14336,69,19943.3,17.67,1.667,0.5625
rpi25,MUL_MAT,q4_0,f32,4096,4,14336,54,26793.04,17.53,1.244,0.5625
rpi25,MUL_MAT,q4_0,f32,4096,5,14336,42,33523.14,17.52,0.996,0.5625
rpi25,MUL_MAT,q4_0,f32,4096,8,14336,27,52936.15,17.75,0.635,0.5625
rpi25,MUL_MAT,q4_0,f32,4096,512,14336,1,3544447.0,16.96,0.02,0.5625
rpi25,MUL_MAT,q4_1,f32,4096,1,14336,138,10219.77,11.49,3.598,0.625
rpi25,MUL_MAT,q4_1,f32,4096,2,14336,105,14099.88,16.66,2.613,0.625
rpi25,MUL_MAT,q4_1,f32,4096,3,14336,69,21212.8,16.61,1.741,0.625
rpi25,MUL_MAT,q4_1,f32,4096,4,14336,36,27912.36,16.83,1.325,0.625
rpi25,MUL_MAT,q4_1,f32,4096,5,14336,42,35291.1,16.64,1.05,0.625
rpi25,MUL_MAT,q4_1,f32,4096,8,14336,27,54788.48,17.15,0.681,0.625
rpi25,MUL_MAT,q4_1,f32,4096,512,14336,1,3499235.0,17.18,0.021,0.625
rpi25,MUL_MAT,q4_K,f32,4096,1,14336,138,9128.84,12.86,3.626,0.5625
rpi25,MUL_MAT,q4_K,f32,4096,2,14336,105,12772.05,18.39,2.598,0.5625
rpi25,MUL_MAT,q4_K,f32,4096,3,14336,69,19070.06,18.48,1.744,0.5625
rpi25,MUL_MAT,q4_K,f32,4096,4,14336,54,26117.89,17.99,1.276,0.5625
rpi25,MUL_MAT,q4_K,f32,4096,5,14336,42,32516.81,18.06,1.027,0.5625
rpi25,MUL_MAT,q4_K,f32,4096,8,14336,27,50422.22,18.63,0.667,0.5625
rpi25,MUL_MAT,q4_K,f32,4096,512,14336,1,3466089.0,17.35,0.02,0.5625
rpi25,MUL_MAT,q5_0,f32,4096,1,14336,138,11308.65,10.39,3.576,0.6875
rpi25,MUL_MAT,q5_0,f32,4096,2,14336,70,18172.37,12.93,2.23,0.6875
rpi25,MUL_MAT,q5_0,f32,4096,3,14336,46,26624.57,13.23,1.525,0.6875
rpi25,MUL_MAT,q5_0,f32,4096,4,14336,36,35178.72,13.35,1.156,0.6875
rpi25,MUL_MAT,q5_0,f32,4096,5,14336,28,43730.04,13.43,0.932,0.6875
rpi25,MUL_MAT,q5_0,f32,4096,8,14336,18,68967.11,13.62,0.594,0.6875
rpi25,MUL_MAT,q5_0,f32,4096,512,14336,1,4814342.0,12.49,0.016,0.6875
rpi25,MUL_MAT,q5_1,f32,4096,1,14336,138,12228.51,9.6,3.607,0.75
rpi25,MUL_MAT,q5_1,f32,4096,2,14336,70,19823.24,11.85,2.229,0.75
rpi25,MUL_MAT,q5_1,f32,4096,3,14336,46,29645.41,11.88,1.493,0.75
rpi25,MUL_MAT,q5_1,f32,4096,4,14336,36,38408.67,12.23,1.154,0.75
rpi25,MUL_MAT,q5_1,f32,4096,5,14336,28,47214.75,12.44,0.941,0.75
rpi25,MUL_MAT,q5_1,f32,4096,8,14336,18,73837.17,12.72,0.604,0.75
rpi25,MUL_MAT,q5_1,f32,4096,512,14336,1,5074418.0,11.85,0.016,0.75
rpi25,MUL_MAT,q5_K,f32,4096,1,14336,138,11238.04,10.45,3.599,0.6875
rpi25,MUL_MAT,q5_K,f32,4096,2,14336,70,16378.09,14.34,2.474,0.6875
rpi25,MUL_MAT,q5_K,f32,4096,3,14336,46,24824.72,14.19,1.635,0.6875
rpi25,MUL_MAT,q5_K,f32,4096,4,14336,36,33262.72,14.12,1.223,0.6875
rpi25,MUL_MAT,q5_K,f32,4096,5,14336,28,41081.79,14.29,0.992,0.6875
rpi25,MUL_MAT,q5_K,f32,4096,8,14336,18,64013.72,14.68,0.64,0.6875
rpi25,MUL_MAT,q5_K,f32,4096,512,14336,1,4410064.0,13.63,0.018,0.6875
rpi25,MUL_MAT,q6_K,f32,4096,1,14336,138,12913.65,9.09,3.736,0.8203
rpi25,MUL_MAT,q6_K,f32,4096,2,14336,70,18519.8,12.68,2.609,0.8203
rpi25,MUL_MAT,q6_K,f32,4096,3,14336,46,26859.28,13.12,1.802,0.8203
rpi25,MUL_MAT,q6_K,f32,4096,4,14336,36,36458.19,12.88,1.329,0.8203
rpi25,MUL_MAT,q6_K,f32,4096,5,14336,28,44343.25,13.24,1.095,0.8203
rpi25,MUL_MAT,q6_K,f32,4096,8,14336,18,68495.67,13.72,0.712,0.8203
rpi25,MUL_MAT,q6_K,f32,4096,512,14336,1,4762248.0,12.63,0.018,0.8203
rpi25,MUL_MAT,q8_0,f32,4096,1,14336,69,16996.51,6.91,3.675,1.0625
rpi25,MUL_MAT,q8_0,f32,4096,2,14336,70,23449.49,10.02,2.667,1.0625
rpi25,MUL_MAT,q8_0,f32,4096,3,14336,46,29201.57,12.07,2.144,1.0625
rpi25,MUL_MAT,q8_0,f32,4096,4,14336,36,36187.94,12.98,1.732,1.0625
rpi25,MUL_MAT,q8_0,f32,4096,5,14336,28,43383.79,13.54,1.447,1.0625
rpi25,MUL_MAT,q8_0,f32,4096,8,14336,18,63359.72,14.83,0.994,1.0625
rpi25,MUL_MAT,q8_0,f32,4096,512,14336,1,3970386.0,15.14,0.025,1.0625
